,class,name,alias
1,成長價值,成就感,成就感|知名度|認可|影響力|獨立性|工作挑戰|貢獻感|工作獨立|可幫助人|工作回饋性|社會地位|菁英感|充實度|聲望|認同度
,成長價值,學習成長,保母制度|mentor制度|期望|教育訓練|出國|學到|學習成長|學習|成長|解決問題|課程|學習機會|技能培養|工作經驗|工作豐富化|工作擴大化|教育訓練|導師制度|績效評估反饋
,成長價值,創新,創新|開放創新|創造力|員工創新行為
2,經濟報酬,薪資,員工認股|分紅|薪資|待遇|薪資調整|資遣費|退休金|加薪|薪酬|加班費|底薪|工資|薪水|薪資|年薪|月薪|年終|調薪
,經濟報酬,福利,員工認股|獎金|休假|福利|有薪假|補貼|社團活動|員工旅遊|育嬰假|生育假|體檢|出國進修|培訓|工會|開支報銷|轉介獎金|家庭照顧假|保險|紅利|分紅|特休|三節獎金|彈性福利金|免費宿舍|紅利績效獎金|股票|團保|進修補助|生日假|家庭日
,經濟報酬,管理制度,勞基法|文化|值班|排班|oncall|夜班|輪調|小夜|管理制度|管理|制度|知識管理|企業社會責任|資源分配|組織文化|職業發展|工作安全|人事管理|薪酬管理|績效管理|教育訓練|績效考核|晉升制度|考勤管理|差勤管理|彈性工時|加班|輪班
3,人際價值,工作氛圍,隨便|嚴謹|高工時|高壓|工作氛圍|氛圍|數位化|場所|時段|挑戰|效率|樂趣|壓力|居家工作|遠距工作|WFH|工作生活平衡|彈性遠距工作|人際關係|領導方式|心理相容程度
,人際價值,同事互動,向心力|融洽|協助|團隊合作|同事愛|交流|同事互動|同事|互動|同理心|信任|情緒管理|協作|合作|溝通|任務相關互動|非任務相關互動|凝聚力|員工衝突|同事間之監督
,人際價值,主管風格,權威|威權|民主|教練|資深|耐心|主管風格|主管|風格|尊重|親切|霸道|強硬|指導|授權|領導力|激勵|轉換型領導|交易型領導
4,組織文化與制度,工作地點,交通|工作地點|地點|路程|便利|位置|機能|停車|交通|通勤時間|都市|偏僻|轉乘
,組織文化與制度,公司規模,美商|海外|半導體業|外商|公司規模|規模|半導體業|傳統產業|傳產|科技業|社會企業|國營企業|外商|跨國企業|微型企業|中型企業|小型企業|上市公司|新創公司|中小型企業|大型企業
,組織文化與制度,工作環境,紓壓空間|零食櫃|明亮|舒適|乾淨|無塵室|無塵衣|工作環境|環境|安全|溫度|空氣|噪音|個人隱私|私人辦公|私人空間|實際工作環境|基礎設施|氛圍因素|空間設計|公共空間
,組織文化與制度,產業前景,競爭|策略|產業前景|前景|市場份額|消費者需求|技術|盈利|商業模式|市佔率|品牌形象|行業競爭|市場需求|市場規模|技術研發|產業結構|經濟變化|進入障礙|重組|併購|產品市佔率
,組織文化與制度,多元性,認知|地域|外語|雙語|國籍|性向平等|身心障礙|性別平等|多元文化|多元性別|種族|民族|族裔|年齡|教育|宗教|文化差異|認知差異|技術差異
,組織文化與制度,企業社會責任,社會責任|財務責任|員工福利責任|社會福利責任|品質責任|環境責任|經濟責任|法律責任|倫理責任|慈善責任
,組織文化與制度,企業永續目標,永續目標|經濟效益|社會福利|社區參與|人權保護|碳足跡|環境保護|社會責任|公司治理
,組織文化與制度,變化性,海外|派遣|外派|短期派任|中長期派任|長期派任|通勤式派任|輪調式派任|契約式派任|虛擬式派任|自發性派任|輪調|支援|計畫性輪調|非計畫性輪調|部門輪調|職務輪調|出差|國內出差|國外出差|公差旅費
5,科系專業,工學院,資管|電資|電機系|電子系|資工|機械系|機電系|動力機械|製造系|製程|車輛工程|車輛檢測|品管|品檢|品質|品質管理|品質工程|土木系|航太|工工|工業工程|材料系|建築系
,科系專業,理學院,數學系|物理系|化學系|大氣科學|大氣系|生物學系|生物系|天文系|地球科學|地科|統計系|環境科學|應數|應用數學
,科系專業,管理學院/商學院,企管|會計系|財經系|國企|經濟系|人力資源|國際貿易|國貿系|金融系|行銷系|運輸管理|運管|餐旅|風險管理系
,科系專業,社會學院,社會系|人文社會|公共行政|民族系|政治系|外交係|法律系|心理系|犯罪學|人類學|社會福利|社會政策
,科系專業,文學院,中文系|外文系|史學系|哲學系|藝術系|戲劇系|音樂系|歷史系|地理系|華語文教|日文系
6,招募資訊,面試,視訊面試|線上面試|一面|二面|面試|初試|初談|複試|複談|筆試|錄取|無聲卡|人才庫
,招募資訊,學經歷,學歷|學經歷|經歷|履歷|做研究|研究計畫|作品集|研究所|大學|碩士班|國立大學|私立大學|科大|頂大|四大|四中
,招募資訊,徵才,應徵|職務|徵才|職缺|求職|就業|找工作
,招募資訊,實習,實習|實習生
,招募資訊,工作,工作
,招募資訊,離職,離職|轉職
,招募資訊,新鮮人,新鮮人
,招募資訊,畢業,畢業
,招募資訊,證照,多益|雅思|托福|全民英檢
,招募資訊,招募人員,副理|面試官|主考官|人資|招募人員|HR|人力資源
7,情緒,正向,一大突破|一大勝利|一己之力|一分打點|一夫當關|一心想|一吐為快|一如|一如以往|一如往昔|一如預期|一字不差|一帆風順|一見鍾情|一併打破|一定|一定可以|一定是|一定要|一定要像|一定時間|一定能|一定參加|一定得|一定程度|一定會|一定會是|一往情深|一爭高下|一直|一直是|一直堅持|一流|一致|一致公認|一致支持|一致同意|一致決|一致決議|一致性|一致宣布|一致建議|一致看好|一致通過|一個機會|一笑置之|一桿進洞|一意|一路平安|一路長紅|一路順風|一路緊咬|一路穩健|一道大菜|一鳴驚人|一樣有效|一樣容易|一盤未失|一線生機|一線曙光|一臂之力|一舉成名|一舉解決|一舉擊敗|一蹴可幾|一躍上前|九五之尊|九霄雲外|了不起|了然於心|了然於胸|了解|了解商情|人才|人心所向|人必自重而後人重之|人生至樂|人味|人格高尚|人氣天王|人氣高|人情|人情味|人逢喜事精神爽|人道|人道精神|人道關懷|人盡皆知|人數眾多|人機璧還|入土為安|入神|力主|力求|力拚|力爭|力爭上游|力保江山|力促|力持|力挽狂瀾|力留|力圖趕上|力邀|十分|十分成功|十分有利|十分壯觀|十分重要|十分容易|十分特別|十分神似|十分清楚|十分感謝|十分激烈|十分關切|十足|十拿九穩|十勝投手|又有表現|又長又密|又深又刁|又深又強|又穩又準|又贏了|三分打點|三分全壘打|三分彈|三足鼎立|三連霸|三壘打|三贏|三響砲|下功夫|下定決心|下放|上上之策|上天之選|上市發行|上好|上風|上揚|上等|上榜|上漲|也可|也可以|也同意|也有|也有同感|也很不錯|也能|也許|也期盼|也想|也會|千載難逢|口出狂言|口感好|口頭通過|大力|大力支持|大力改善|大力協助|大力拔擢|大力推展|大力推動|大力敦促|大力發展|大大成功|大大改善|大出風頭|大出鋒頭|大功臣|大功告成|大多一致|大多數|大好|大好機會|大有可為|大有前途|大有裨益|大有機會|大有關係|大利多|大局著想|大快人心|大步邁進|大事|大受歡迎|大和解|大放光芒|大放異采|大放異彩|大於|大很多|大為升高|大為降低|大為提升|大為解凍|大為興起|大致|大致完成|大致底定|大致相同|大風吹|大展商機|大書特書|大笑|大起|大逆轉|大勝|大喜|大喜若狂|大幅上升|大幅上揚|大幅升值|大幅成長|大幅改善|大幅降低|大幅勝出|大幅提高|大幅緩和|大幅縮短|大開|大黑馬|大肆慶祝|大團結|大熱門|大獲全勝|大賺|大賺厚利|大禮|大翻身|大轉折|大願|大躍進|大權在握|女王|小巫見大巫|小揚|小試身手|小賺|小贏|工整|已大幅改善|已可媲美|已成|已成了|已成定局|已有|已有改善|已利用|已完成|已見成效|已足|已取得|已爭取到|已接獲|已發行|已經成為|已經足夠|已經解決|已達|已達成|已達到|已確定|已適合|已獲|已獲全面改善|才可|才有|才有利|才是|才氣|才能|才能真正減輕|才得|才智|才華|才幹|才會|才藝|不二法門|不凡|不凡的人|不反|不反對|不少進帳|不止於|不乏|不令人意外|不可或缺|不可抵擋|不可阻撓|不可侵犯|不可限量|不外|不外乎|不失|不任性|不吃虧|不死|不老|不自私|不吝採納|不否認|不含糊|不妨|不受約束|不受限制|不受影響|不屈不撓|不屈服|不怕|不拘泥|不放過|不爭|不是軟腳蝦|不牴觸|不負|不迫|不限|不陌生|不容忽視|不容抹殺|不容推諉|不容損耗|不悔|不能不|不衰|不起訴|不偏不倚|不偏不倚地|不動搖|不惜|不推諉|不訝異|不設限|不就好了|不就得了|不復舊觀|不惡|不曾失手|不猶豫|不費吹灰之力|不超過|不意外|不慌忙|不愧|不愧為|不會弄錯|不會受傷害|不會威脅|不會傷害|不會影響|不禁|不禁止|不禁高昂|不禁想起|不違|不違法|不違背|不調降|不諱言|不輸|不輸於|不遺餘力|不錯|不隱瞞|不斷重復|不斷鼓吹|不斷遞增|不斷擴散|不難|中心支柱|中方有充分證據|中和|之上|之首|予以配合|予以補助|予保護|井然有序|互不侵犯|互有領先|互助|互助合作|互信|互保|互為刺激|互相合作|互相安慰|互相妥協|互相密合著|互相連繫|互相結合|互訪|互設|互惠|互惠互助|互敬|互補|互蒙其利|互讓|仁善|仁慈|仍可|仍可以|仍未改變|仍在調查|仍有|仍有可能|仍有成長|仍有希望|仍有意|仍作|仍希望|仍待|仍為可行|仍能|仍得|仍得辦|仍進行|仍會|仍會維持|仍適用|仍應保留|仍獲|仍獲好評|仍獲青睞|今起展開|允許|允當|允諾|允諾了|內行|公允|公布|公平|公平正義|公平地|公正|公正地|公正客觀|公告|公決|公信力|公開|公義|公認|公諸|分久必合|分工|分不開|分庭抗禮|分散風險|分發|分擔|切合|切實|切實執行|切題|勻稱|化為真實|化被動為主動|化解|化解歧見|化解阻力|化險為夷|匹敵|升至|升到|升為|升值|升格|升級|升級相當明顯|升起|升高|友好|友好合作|友善|友愛|友誼|及早回頭|及早確定|及時|及時回魂|及時修正|及時調整|及格|及得上|反反|反以|反映|反敗為勝|反蒙其利|反覆強調|天才|天才人物|天不會塌下來|天分|天文數字|天文數字般|天王|天生好手|天后|天后級|天作之合|天使|天使般的人|天真|天真的信賴|天真無邪|天堂|天資|天資聰明|天賦|天縱英才|天籟|太在意|太好|太好了|太快|太重視|太高|太高興|太強|太猛了|太棒|太驚人|少人能及|尤其高|尤值注意|尤勝|引人入勝|引人注意|引人關注|引人讚美|引人讚美的人|引以為榮|引以為榮的事物|引用|引吭|引吭高歌|引起騷動|引進|引領而望|心心相印|心平氣和|心安|心安理得|心有戚戚|心有靈犀|心服|心服口服|心動|心情愉快|心情舒暢|心喜|心意|心想事成|心愛|心誠則靈|心滿意足|心滿意足地注視|心儀|心寬|心寬體胖|心醉|心醉神迷|心聲|心曠神怡|心繫百姓|心願|手風奇順|手藝|支助|支持力量|文化|文明|文雅|斗膽|方便|方能|方得|日久生情|日益凸顯|日益明顯|日益精良|日益增多|日漸成熟|日漸茁壯|日臻完善|日趨重要|日趨密切|止痛|止跌回升|毋寧|比以往高|比他好|比率為最高|比率較高|比較可能|比較好|比較便宜|比預期好|水平|水準|水準相當|水準最高|水落石出|水漲船高|火力旺盛|火速|火速通過|牛刀小試|王子|王中王|王牌|世所矚目|世界冠軍|世界排名第一球員|世界球王|世界第一|丕變|主持|主持協商|主要|主要功臣|主要考驗|主要是|主要意義|主宰力|主動|主動出擊|主動回收|主動協助|主動協調|主動幫忙|主張|主控|主場優勢|主導優勢|以小摶大|以示負責|以示善意|以利|以壯聲勢|以供|以毒攻毒|以致|以期|以期建立|以誠相待|以達|以避免|以驚人|付託|付諸實施|付諸實現|付諸實踐|仔細|仔細看清|代表作|令人佩服|令人振奮|令人高興|令人喜悅|令人愉快|令人滿意|令人滿意地|令人稱羨|令人興奮|令人難忘|令人歡迎|令我悸動|充分反映|充分的理由|充分表現|充分表達|充分展現|充分尊重|充分溝通|充分準備|充分運用|充分證明|充份|充份體現|充沛|充足|充足的證據|充當|充裕|充實|充滿|充滿希望|充滿信心|充滿信心地|充滿深情|充滿期待|充滿樂趣|充窩信|出人頭地|出任|出名|出奇的順|出奇熱絡|出面解決|出息|出神|出神入化|出馬|出動|出現|出現奇蹟|出道|加工|加以完成|加以保護|加以討論|加以採用|加以實現|加快|加快研製|加快發展|加快開放|加快腳步|加倍|加倍努力|加冕|加強促進|加強推動|加速升級|加速成長|加速完成|加速形成|加速展開|加速起飛|加速發展|加速進行|加開|加溫|加裝|加緊把關|加緊做好|加緊腳步|加壓|加薪|功力十足|功成身退|功臣|功效|功德|功德無量|功德圓滿|功績|包容|包容度高|卡好|卡進|占到|占取|占盡|占優勢|卯足全力|卯盡全力|去影響|可了解|可予|可化解|可比|可以|可以允許|可以化解|可以加入|可以如期開辦|可以成功|可以成為|可以有|可以考慮|可以改變|可以使用|可以沾光|可以保留|可以持續|可以相信|可以容忍|可以高興|可以順利|可以會|可以解決|可以預見|可以說|可以寫定|可以確定|可以緩解|可以談|可以幫助|可以獲得|可以獲選|可以變化運用|可出爐|可用|可用於|可再增加|可如期|可考慮|可行|可行之道|可免|可利用|可完成|可見|可見一斑|可見是|可依靠|可使|可使用|可供|可協助|可取|可取得|可於|可知|可長可久|可信|可信任|可信賴|可信賴性|可促使|可看|可效法|可真是|可能大增|可能加入|可能打開|可能用來|可能有利|可能很高|可能恢復|可能愈高|可能會促成|可追上|可得|可得到|可接受|可採|可採納|可望成功|可望成為|可望取代|可望放寬|可望拯救|可望重振|可望連莊|可望提升|可望順利展開|可望維持|可望增加|可理解|可規避|可喜|可尊敬|可循|可掌握|可期|可欽佩|可貴|可貴情操|可媲美|可愛|可愛地|可敬|可敬重|可節省|可經營|可解決|可資運用|可達|可達到|可預見|可預期|可圖|可實行|可稱讚|可算|可維持|可認定|可說|可說是|可領到|可增加|可確保|可緩和|可誕生|可調度|可適用|可靠性|可靠程度|可獨得|可親|可謂為|可辨認|可選擇|可獲|可獲得|可避免|可證明|可證實|可繼續|可贏得|可攜帶|可讓|可觀|古典|古雅|召開|只有可能|只有可能是|只要|只許|只想|只願|只願意|史上最大|史上最長|史上最高|四分打點|外交突破|外援|外輕鬆|失誤最少|巨人|巨大|巨大挑戰|巨步|巨型|巨星|巨變|巧合|巧妙|平分|平心|平心靜氣|平平淡淡|平平靜靜|平白|平安|平安地|平抑|平和完成|平紀錄|平常心|平復|平等|平等互利|平等尊嚴|平等對待|平順|平整|平衡|平衡了|平衡發展|平靜|平穩|必有|必定|必定能|必定能夠|必要|必要性|必能|必得|必得演出|必然會|必須正視|必須有助於|必須完成|必須注意|必須面對|必須能|必須透過|必須對信用的使用設限|必須確保|必會|必當|打主意|打出佳績|打包票|打拚|打破傳統|打動|打得好|打得更好|打得很好|打通|打造|打開|打趣|打擊王|打贏|斥資|本季最高|本著良心|本意|未失|未失分|未打先轟動|未妨礙|未來趨勢|未受傷|未放棄|未牴觸|未被污染|未違|未違反|未演先轟動|未影響|未賣先紅|未篡改|未濫權|正大|正大光明|正代表著|正巧|正向|正合爐|正在規畫|正在進行|正好|正式上路|正式批准|正式流通|正式要求|正式展開|正式送交|正式啟用|正式啟動|正式揮別|正式登場|正式發行|正式開市|正式開始|正式會晤|正式實施|正式敲定|正式誕生|正式簽署|正成立|正成形|正而意義|正直|正是|正是典型|正是時候|正派|正要|正面回應|正面地|正面的提升|正面的影響|正面肯定|正面效果|正面效益|正面效應|正面發展|正面評價|正面意義|正面影響|正面積極|正面幫助|正值|正常|正常人|正常化|正常行為|正常照顧|正統|正規|正朝著|正視|正準備|正當合理|正當性|正義|正義行為|正道|正確地|正確判斷|正確性|正確的決定了|正確無誤|正確點|母愛|永久和平|永遠會記得|永遠關心|永續利用|犯罪率|甘心|甘冒|甘美|甘甜|甘願|生力軍|生日快樂|生存能力|生死與共|生育|生命力|生效|生氣勃勃|生氣勃勃地|生情|生涯首勝|生涯高峰|生涯最高|生產|生產力高|生產多|生意興隆|生機|用力刻劃|用心|用心良苦|用心規劃|用功|用來|由此可見|由衷|由衷支持|由衷的高興|由衷盼望|白金|白頭偕老|矢志|石破天驚|示意|立下榜樣|立功|立即受惠|立即檢查|立即歸返|立即顯現|立志|立足|立場一致|交代清楚|交流|交流熱絡|亦可|亦可以|亦是如此|伊甸園|休息|任命|仰望|仰慕|光芒|光明|光明快樂|光明磊落|光采|光亮|光彩|光復|光滑|光榮|光輝|光澤|光環|先下一城|先下一盤|先予沿用|先行規劃|先決條件|先見之明|先制|先進|先準備|先馳得點|全力|全力支持|全力以赴|全力把關|全力改善|全力拓展|全力拚戰|全力恢復|全力配合|全力參與|全力推動|全力演出|全力調查|全力整頓|全力積極|全心全意|全心投入|全心貫注|全方位|全面|全面改善|全面流通|全面採取|全面清查|全面影響|全面整治|全面檢討|全神貫注|全能|全球共知|全球矚目|全透明|全部|全勝|全勝佳績|全然|全新|全盤修正|全靠|全靠自己|全壘打|全壘打王|共同|共同成為|共同利益|共同努力|共同步入|共同決定|共同的結論|共同信守|共同保持|共同促進|共同流通|共同參加|共同參與|共同採用|共同票選|共同組成|共同發展|共同訴求|共同愛護|共同解決|共同領先|共同慶祝|共同戰略|共同擬定|共同聲明|共同願望|共存|共存繁榮|共信共守|共創|共創未來|共鳴|共獲|共襄盛舉|共轟出|再下一城|再生能源|再立新功|再安排|再行|再度拉開|再度挑起|再度獲得|再度獲獎|再度獲選|再現光明|再創|再創高峰|再創新高|再創新猷|再進步|再獲殊榮|匡正|印象深刻|吉利|吉星高照|吉祥|同一陣|同一陣營|同一國|同舟共濟|同步|同步通過|同步發行|同步實施|同步適用|同享榮耀|同奏凱歌|同胞好友|同時|同時參加|同時產生|同時開列|同時達到|同尉|同情心|同組較勁|同組競技|同等重要|同意|同意合作|同意承認|同意接受|同意給予|同意鼓勵|同感|同盟|同蒙其利|同樣重要|同樣堅強|同聲歡迎|向上調整|向心力|向來|向前行|向前推進|向善|名利雙收|名留青史|名副其實|名將|名滿天下|名聲|名譽|合力|合乎|合乎情理|合乎衛生|合乎邏輯|合作|合作互補|合作協議|合作統一|合宜|合法|合法化|合法申報|合法技術|合法性|合法產生|合法程序|合格|合情理|合理|合理分配|合理化|合理性|合理劃分|合理價位|合意|合群|合演|合算|合適|合適地|合辦|合邏輯|吃定|吃苦|后望|因禍得福|因應之道|因應改善|回升|回心轉意|回到|回昇|回春|回流|回首|回報|回復|回敬|回補|回憶|回歸|回顧|回饋|地位|在一起|在乎|在所不惜|在贊成方面|多一點|多才多藝|多元|多元地理環境|多出|多出一倍|多出許多|多加油|多加強|多半|多半會|多生產|多幸褔|多所協助|多於|多采多姿|多姿多釆|多為|多得很|多得是|多添|多產|多智|多極化|多達|多福|多數|多樣化|多樣性|多趣|多贏|妄圖|好一點|好天氣|好太多|好心|好心情|好手|好方法|好多了|好好地|好好消化|好好做好|好好規劃|好年|好米|好似|好事者|好幸運|好玩|好的表現|好的開始是成功的一半|好的戲|好客|好很多|好看|好家在|好時機|好消息|好神|好追根究底|好球|好景|好評|好開心|好意|好意地|好感|好想|好極|好極了|好解決|好運|好運接著來|好像|好實力|好學|好機會|好辦法|好選手|好戲|好轉|如日中天|如出一轍|如同|如約|如能|如期|如期召開|如期完成|如期推出|如期進行|如期開辦|如畫|如意算盤|如預期|如願|如願上演|如釋重負|如釋重擔|存有|存活|存洧功率|存著|守住|守法|守信|守得雲開|守護|安了心|安可|安全又新|安全利益|安全改進|安全防禦|安全突破|安全產品|安全感|安全網|安安靜靜|安安穩穩|安身|安身立命|安和樂利|安命|安定|安定和平|安定援助|安於|安度|安泰|安康|安祥|安然|安逸|安置|安詳|安寧|安樂|安靜|安穩|尖兵|尖端|年度最佳|年輕好手|年輕有成|年輕貌美|忙著|成了|成千上萬|成功|成功地|成功利用|成功典範|成功封王|成功率|成功掌握|成功發展|成功解決|成功演出|成功締造|成功舉行|成立|成立在即|成交|成形|成果豐碩|成長|成長甚為快速|成長茁壯|成長趨勢|成為|成為大勢所趨|成為熱門|成效|成氣候|成真|成就出|成就感|成熟智慧|成熟穩重|成績|成績最好|成績斐然|扣人心弦|扣人心懸|收入最高|收下|收到了效果|收受|收效|收益|收過|收藏|早日解決|早日實現|有一致性|有一套|有人力|有力|有才氣|有才能|有才智|有才幹|有才幹的人|有不少|有分寸|有反應|有天資|有天賦|有心得|有主權|有以致之|有充分時間|有功|有功績|有可為|有必要|有本錢|有正面作用|有正面意義|有用籌碼|有目共睹|有光澤|有先見之明|有共識|有同情心|有同感|有名|有好處|有如神助|有成果|有此機會|有自信|有判斷力|有利|有利支撐|有利於|有利弭平|有利益|有利條件|有利潤|有助|有助改善|有助和平|有助於|有助恢復|有助益|有助益的東西|有助紓解|有吸引力|有含義|有希望|有志一同|有志成為|有把握|有把握地|有改善|有更多|有決心|有足夠|有些道理|有些關係|有使命感|有兩下子|有其|有其必要|有其意義|有所了解|有所助益|有所改善|有所改變|有所貢獻|有所期待|有所進展|有所遵循|有所幫助|有所讓步|有知覺|有表現|有信心|有保障|有前途|有勁|有厚利可圖|有品格|有威嚴|有建設性|有待|有待澄清|有待調查|有思想|有思想性|有指望|有相似之處|有看頭|有突破|有耐性|有計畫|有重大興趣|有效|有效平順|有效因應|有效利用|有效防禦|有效使用|有效協助|有效性|有效的利用|有效強化|有效率|有效票|有效發揮|有效實施|有根據|有氣質|有特色|有益|有益於健康|有益健康|有秩序|有能力|有財產|有貢獻|有高度興趣|有情有義|有掖義|有教育意義|有望|有望成為|有條件|有條理|有理由相信|有眼光|有眼福|有規矩|有規範|有責任|有責任心|有備而來|有創造力|有創意|有掌聲|有智慧|有朝一日|有著|有貴族氣派|有進取精神|有雅量|有韌性|有勢力|有幹勁|有意支持|有意於|有意透過|有意提升|有意義|有意跟進|有意願|有感而發|有感覺|有愛心|有愛國心|有新意|有極大助益|有節制|有經驗|有義務|有話直說|有跡可循|有道理|有道德|有實力|有精神|有說有笑|有說服力|有遠見|有需要|有價值|有價值的人|有彈性|有彈性的調適|有樣學樣|有模有樣|有樂趣|有熱情|有確實根據|有趣|有餘|有魅力|有擔當|有機會|有機會取代|有興趣|有賴於|有辦法|有錢|有頭腦|有償債能力|有幫手|有幫助|有幫助的人|有點類似|有禮|有禮貌|有禮貌的行為|有竅門|有關|有關重大|有魔力|有權|有權力|有權利|有權益|有權能|有權採取|有鑑於|有鑑於此|有顯著幫助|此勝|死灰復燃|江山代有才人出|百家爭鳴|百戰沙場|老辣|老遠趕來|考慮跟進|而在|而會|肉質更佳|自力救濟|自主|自主性|自主意志|自主解決|自由|自由化|自由自在|自由流通|自白|自立|自立自強|自在|自如|自成頂級|自行實驗|自行選擇|自行擬定|自助|自告奮勇|自我解嘲|自制|自承|自治|自治規定|自知之明|自信|自信心高潮|自信地|自信滿滿|自保|自勉|自得|自得其樂|自得於|自救|自理管轄|自許|自尊|自然|自然可期|自然會|自豪|自衛|自願提供|自願擔任|自詡成功|至表歡迎|至為明顯|至盼|至高|至高榮耀|至深至遠|至善|至樂|至關重大|至關重要|血濃於水|行有餘力|行使|行得端坐得正|行善|衣履光鮮|位居關鍵|何不可|估算|伸張|佔到優勢|似天使|似乎有理|似曾相識|但仍應有|作出不少貢獻|作出決定|作好|作成|作後盾|作為|作為獎品|作證|低廉|伶俐|佈下|兌現|克服經濟困難|免於受苦|免遭|冷戰結束|冷靜地|冷靜決定|別致|別無二致|判處|利大於弊|利多|利多於弊|利於|利益均霑|利基|利基市場|利得|利潤|利器|助手|助於|助長了|助威|助益|助陣|助隊|助勢|助選|努力|努力完成|努力研究|努力尋求|努力解決|努力緩和|努力謀求|即可|即可參加|即可獲贈|即有|即將成立|即將成為|即將完成|即將進行|即將開打|吞得下去|君子之爭|告一段落|告捷|告訴|告贏|吻合|吸引力|吸走|含情脈脈|均勻|均可|均有|均能享受|均採用|均等|均認為|均需參加|均衡|均衡發展|均應|坐鎮|坐穩|坐穩首位|壯聲勢|壯舉|壯闊|壯麗|壯麗雄偉|壯觀|妙不可言|妙計|妥善|妥善因應|妥善安排|妥善完成|妥善執行|妥善處理|妥善規畫|妥善規劃|妥當|妥適|孝行|孝順|完全|完全化解|完全比照|完全依法|完全取代|完全和平|完全致力|完全展現|完全採納|完全符合|完全滿意|完全整合|完好|完成|完成了|完成修正|完投|完投勝|完封|完封勝|完美|完美的結合|完美無缺|完美結合|完美演出|完備|完善|完滿|完整規畫|宏大|宏偉|宏觀|宏觀願景|局面底定|希望|希望大增|希望中央一定要信守承諾|希望協助|希望能|希望維持|希望說服|希冀|形同|形同一體|形成共識|形成這個共識|形影不離|形影不離的朋友|志哀|志得意滿|志願|忍不住|忍耐力|快了許多|快刀斬亂麻|快上|快快活活|快快樂樂|快步追上|快速|快速合作|快速成長|快速改善|快速起飛|快速統一|快速進行|快速進展|快速解決|快樂|快樂主義|快樂主義者|快樂地|快樂論|戒除|技巧|技術上可行|技術純熟|技驚四座|扶正|扶助|扭轉劣勢|扭轉乾坤|扭轉頹勢|把火撲滅|把握|把握良機|把握時機|把握機會|把穩|找到樂趣|批核|扳平|扳回|扳回一城|扳回頹勢|扳成|抒情|抒發|抒解|抒懷|投其所好|投注極大努力|投誠|投滿|改良|改良式|改革|改革成功|改革開放|改造|改善了|改善援助|改善體質|改過自新|改寫|改頭換面|改變了|攻占|攻佔榜首|攻進|攻勢猛烈|攸關|更了解|更方便|更加成熟|更加努力|更加活絡|更加高漲|更加敏感|更加熱絡|更加穩定|更可|更可取|更可藉|更可觀|更外向|更合理|更多|更多好手|更多倍|更多商機|更好|更好一點|更好看|更成熟|更有|更有力|更有可能|更有必要|更有利|更有吸引力|更有信心|更有效|更有效率|更有商機|更有理由|更有說服力|更有機會|更有療效|更低廉|更吸引力|更快|更快籌措|更具有效率|更具效率|更和平|更是|更是特別|更為光明|更為有利|更為直接|更為重要|更為簡便|更美|更要|更重要|更容易|更容易選擇|更留意|更能|更高|更高水準|更高招|更高層級|更務實|更堅強|更堅實|更密切|更強|更清楚|更深一層|更喜歡|更富彈性|更貴|更進一步|更感謝|更愛|更新|更實|更精進|更緊密|更適當|更積極地|更懂得|更瞭解|更趨一致性|更趨穩定|更穩定|更顯篤定|更靈活|步入軌道|步伐一致|步調一致|求生|求好|求好心切|求取進步|求能|求得|求勝|求勝意志|求新|求歡|沈著應變|決心|決定向|決定性|決策|決意|決戰|決斷力|決議|決議成立|沖勁|沒人懷疑|沒有兩樣|沒有放棄|沒有問題|沒有異議|沒有錯|沒問題|沒閒著|沒錯|汲汲於|牢固|牢靠|狂勝|狂喜|狂愛|狂熱加油|狂熱讚揚|狂歡|男子漢|良心|良多|良好|良好合作|良好形象|良好訓練|良好教育|良好開端|良好機會|良好關係|良性互動|良性發展|良性溝通|良知|良策|良善|良質米|良機|見仁見智|見真章|見獵心喜|見證|角逐|言出必行|言而有信|言笑晏晏|言歸於好|谷底回升|走入|走出|走出低潮|走出谷底|走出陰影|走向|走向和平|走向和解|走向國際化|走向統一|走回競爭|走強|走進|走勢強勁|足以|足以傲人|足以影響|足以應付|足以顯示|足可|足見|足足擁有|足夠|足夠的信心|足備|足智多謀|足與|足與美國匹敵|身為|身強體壯|迅速|防火障|並不對峙|並沒有錯|並肩作戰|並要|並無不妥|並無不便|並無差異|並無異常|並進|事在人為|事成|事跡|事實|事實上|事實證明|享有|享譽|依法行事|依約履行|依理|依規定|依然|依然有效|依然犀利|依靠|依舊|依舊是|依舊犀利|佳作|佳評如潮|佳話|佳績|使人信服|使人首肯|使人敬畏|使之生效|使平坦|使平靜|使用|使用方便|使安靜|使免除|使固定|使相等|使涼快|使陶醉|使精細|使緩和|使醉心|供娛樂用|例行公事|來日方長|來的高|來得殷切|來得高|併行|併購整合|佩服|兩分打點|兩分打點安打|兩分全壘打|兩全|兩倍多|具成效|具有|具有生殖力|具吸引力|具信心|具指標意義|具挑戰性|具影響力|具體|具體化|具體改革|具體協議|具體跡|其來有自|其實|典雅|典範|刻意凸顯|刷新|刷新紀錄|刺激成長|到訪|到場致祭|到期|到達|到達高峰|制止危機|制定|制定完善|協力|協同|協助|協助促進|協助善後|協助維護|協助應付|協防|協定|協商同意|協商而成|協商解決|協商議決|協尋|協調、尊重|協議|協議生效|卓有成效|卓著|取代|取向|取利|取決|取信|取信於|取悅|取得了|取得交集|取得全勝佳績|取得共識|取得協調|取得協議|取得勝利|取得超前|取得進展|取得領先|取道|取樂|受大眾歡迎|受用|受利|受到注意|受命|受信任|受重視|受益良多|受理|受惠於|受惠最多|受邀|受鍾愛|受歡迎|呼叫|呼朋引伴|呼應|呼應唱和|呼聲最高|呼籲|和平|和平用途|和平共存|和平共處|和平往來|和平統一|和平進程|和平愛好者|和平解決|和平穩定|和平關係|和事佬|和善氣氛|和睦|和緩|和談|和藹|和藹可親|周到|周密|周詳|命令調整|固守|固若金湯|固然|固然很好|固然應該|坦白|坦言|坦直|坦率|坦途|坦然|坦誠|坦誠地|坦誠面對|奇妙|奇佳|奇異|奇跡|奇蹟|奔走|奔走聲援|奔相走告|委婉|始可|始得|始終不變|定下|定出|定為|定案|定能統一|定會|定讞|宜人|宜由|宜考慮|宜採|宜避免|尚好|尚有|尚有可觀|尚能|尚屬|居中協調|居功|居多|居高不下|幸好|幸運|幸運地|幸福|幸福美滿|幸靠|幸虧|延年益壽|延伸|延續|延攬|往上|往上攀升|往上飆|往日榮光|征服四海|忠心|忠貞|忠誠|忠誠和賣命|忠誠的行為|忠實|忠實表達|忠黨愛國|怏得多|怏速展開|性能也大幅提升|性能為佳|性能優越|性感|所向無敵|所言屬實|所幸|所知|所致|所能|所得|所樂於看到|所獲|承接|承諾|承襲|拉一把|拉力|拉大|拉他們一把|拉抬|拉開|拉攏|招待|招待周到|招牌微笑|招認|拓建|拓展|拔足緊跟|拍手歡呼|拍板決定|拚一下|拚到|拚得過|拚戰|拚戰激烈|抱回|抱有|抱走冠軍|抱持樂觀|抬頭|放下武器|放大美化|放手去做|放置|放膽|斧鑿突圍|於法有據|旺盛|易成為|易於|易於理解|易得|易理解|易造成|易管理|易與|易辦|易懂|昌盛|明了|明日之星|明白|明示|明告|明定|明亮|明亮照耀|明星球員|明訂|明朗|明朗化|明理|明晰|明智|明智之舉|明智決定|明智的行為|明確保障|明確指出|明確規定|明辨|明瞭|明顯|明顯成長|明顯改善|明顯提升|明顯發現|明顯進展|明顯增加|明顯轉強|服氣|服務|服務佳|服務誠意|服從|果決|果真如此|果然|果斷|果斷力|林清江|杼困|欣欣向榮|欣喜|欣喜若狂|欣然|欣然同意|欣慰|武力優勢|注入砍|注入動力|注目|注定|注重|注重實際|注意|沾光|波動|法定|法寶|治好|治病|治療|炒高|炒得正熱|炒得很熱|炒熱|爭回|爭取|爭取儘速|爭取雙贏|爭長短|爭冠|爭相湧進|爭看|爭氣|爭逐|爭進|爭雄|爭睹|爭鋒|爭辦|爭霸|物美價廉|物廉價美|狀況良好|狀況很好|狀況最好|玩樂|的確|的確地|的確有|的確有權|的確是|直言|直到|直奔|直指|直接|直接助益|直接指名|直接參與|直接接管|直誇|直截了當|直線上升|知之甚詳|知名|知足|知性|知恩|知會|知罪|知曉了|知覺|空前|空前紀錄|空前偉大|肥沃|肯定|肯定詞|肯定維持|肯定語|肯順從|芳香|芬芳|虎姿流露|虎威蓋世|虎視眈眈|虎嘯低吼|初步同意|初步認為|初步確定|初定|表示肯定|表示尊重|表示謝意|表示贊成|表示關切|表示歡迎|表示讚許|表決通過|表明|表現|表現不錯|表現突出|表現神勇|表現得更好|表現最好|表現最佳|表現越好|表現精采|表現優異|表現穩定|表現穩健|表揚|表達決心|表達善意|表達歉意|表達歡迎|表彰|表謝意|迎刃而解|迎接|迎戰|迎頭趕上|返老還童|近乎完美|近況大勇|近況奇佳|近況很好|金援|金牌得主|金融中心|長久獨大|長足|長命百歲|長治久安|長相廝守|長紅|長處|長袖善舞|長期|長期同盟|長期安定|長期看好|長期展望|長期追求|長進|長遠利益|青出於藍勝於藍|青春活力|非自責失分|非常大方|非常合適|非常好|非常有用|非常希望|非常明確|非常明顯|非常重要|非常特別|非常高|非常高興|非常接近|非常甜蜜|非常進步|非常順利|非常感謝|非常詳細|非常誠懇|非常榮幸|非常需要|非常興奮|非常關心|亟力|亟力開拓|亟宜|亟待|亟待釐清|亟思|亟欲|亮相機會|亮麗|信心|信心十足|信心大增|信心喊話|信心極強|信心滿滿|信以為真|信用|信任|信守承諾|信念|信最|信實|信誓旦旦|信賴|信賴性|信賴感|信譽|便可解決|便利|便利性|俠義|保全|保安|保有|保有自尊|保住|保佑|保持|保持很好|保持連絡|保持領先|保送|保密|保得|保障|保障福利|保衛|保證|保證好|保證增加|保釋|保護|促成|促成統一|促其取得|促進|促進和解|促進統一|促銷|俘獲|冒出|冒出頭來|冒險前進|冠軍在握|削足適履|前住|前所未見|前景可期|前景看好|前進|前瞻、創新|剋期|勇於|勇於面對|勇氣|勇氣可嘉|勇敢|勇敢的行為|勇敢的事跡|勇敢傑出|勇奪|勇闖|勉勵|勁道|勁道很強|勁敵|厚愛|厚道|厚實|厚禮|咬牙撐住|咬得緊|咬緊牙根|咸信|咸認|品行|品行端正|品味|品性端正|品質高|咧開了笑臉|城鄉公平|契機|奏效|威信|威脅也小|威脅降低|宣示|宣告|宣揚|宣誓|宣導|客觀|客觀了解|客觀性|封王|幽默感|度過難關|建功|建立|建立互信|建立共識|建全|建言|建定|建請|很了解|很大|很大幫助|很大關係|很少不|很可以|很可以理解|很可能|很正常|很用心|很光榮|很多|很多優秀|很好|很好地|很好發展的契機|很有分量|很有可能|很有信心|很有看頭|很有創意|很有意義|很有機會|很有興趣|很有幫助|很努力|很希望|很快|很快地|很受歡迎|很幸運|很旺|很明智|很欣賞|很長|很便宜|很重要|很容易|很特別|很高|很高的評價|很高興|很夠用|很清楚|很爽|很紮實|很喜歡|很愉快|很渴望|很開心|很順暢|很想|很愛|很會|很像|很漂亮|很滿意|很精準|很篤定|很瞭解|很穩|很羡慕|待人如友|待加強|待完成|待命|後勁十足|後勢看好|思想性|急升|急迫性|急起直追|急欲|急欲了解|急速發展|急漲|急劇升高|急難救助|恰好|恰當地|恢復準頭|恆久|恆久不變|恆心|恬靜|恪守|按規定|持有|持盈保泰|持穩|持續成長|持續發熱|持續發燒|持續進行|持續履行|指日可待|指向|指定適用|指明|指揮|指標意義|挑對|挑燈夜戰|挑選|施力|施展|施恩|施捨|既定|春天|是可行的方向|是好|是男子漢|是男子漢、大丈夫|是明智之舉|是指|是造成|柔和|柔性|柔性化|柔情|柔軟|柔順|架設妥當|查明|查證屬實|殆無疑問|洋房|洋洋|洋洋灑灑|洋溢|洋溢著|洋溢著幸福|流入|流利|流動性|流動率高|流露|津津樂道|洞燭機先|洗心革面|洗禮|活力|活化|活水|活得很好|活著|活像|活潑|活潑地|活蹦亂跳|活躍|派上用場|為了|為民服務|為民表率|為多|為此一戰|為快|為佳|為使|為能|為高|為善|為榮|為懷|炯炯有神|狠角色|珍重|珍貴|珍愛|甚巨|甚多|甚為關切|甚感高興|界定|皆大歡喜|皆勝|皆蒙其利|盈利|省了|省掉|省錢|相互|相互支援|相互尊重|相互輝映|相去不遠|相去無幾|相似|相宜|相信|相容|相挺|相配合|相符|相當一致|相當大|相當大的貢獻|相當不錯|相當方便|相當正面|相當共識|相當多|相當好|相當安定|相當成功|相當有利|相當罕見|相當於|相當肯定|相當近|相當看好|相當重要|相當高|相當強勁|相當清楚|相當尊重|相當進展|相當順利|相當搶手|相當確定|相當激烈|相當幫助|相當豐富|相當穩定|相當關注|相對提高|相稱|相關|相關服務|相繼|看中|看好|看個過癮|看得出|看得出來|看頭|盼其成功|盼到|盼望|研判|研發成功|研議|祈福|祇要|科技創新|科學性|突出表現|突破性|突破僵局|突圍|紅利|紅潤|紅翻天|紀錄保持|美名|美好|美妙|美味|美的事物|美的音樂|美食在前|美國英雄|美善|美意|美感|美夢|美夢成真|美滿|美貌|美德|美麗|美譽|耐力好|耐心|耐心等候|耐用|耐性|耐勞|背書|致力|致力完成|致力於|致力於維護|致力發展|致力鞏固|致力擴大|致力辯解|致有|致勝|致勝之道|致勝安打|致勝球|致勝球多|致勝關鍵|致富|致賀|致意|致敬|致謝|若成立|若能|茂盛|英明|英俊|英勇|英雄|英雄之舉|英雄式|茁壯|茁壯成長|要大|要大得多|要件|要有|要求嚴格|要角|要取得|要注意|要拿|要符合|要衝|要贏|計畫發行|計畫會晤|計劃進軍|訂有|訂定|貞潔|負有|負有義務|負責完成|負責認真|迫不急待|重大功績|重大成就|重大突破|重大勝利|重大進展|重大意義|重大幫助|重大變革|重大讓步|重心|重生|重申|重任在身|重於|重返|重返榮耀|重建|重拾|重要|重要一環|重要力量|重要地位|重要成果|重要角色|重要性|重要的地位|重要的角色|重要的課題|重要指標|重要政策|重要現場|重要課題|重要議題|重重圍觀|重振士氣|重振雄風|重振旗鼓|重砲|重起爐灶|重現|重掌|重登|重量級|重開|重開談判|重新|重新出發|重新計票|重新展開|重新站起|重新規劃|重新開放|重新運作|重新調整|重新檢討|重劃|重聚|重聚一堂|重整|重頭戲|重獲|重獲自由|重點|重鎮|降至最低|降低勞動成本|降低緊張|面帶微笑|面臨了|革新|韋成長|音樂|風平浪靜|風光|風光上路|風和日麗|風采|風風光光|風捲殘雲|風景如畫|風華|風華再現|風範|風險較低|風險轉小|飛毛腿|飛抵|飛黃騰達|首先|首先使用|首見|首屈一指|首肯|首要|首要目標|首要優先選擇|首傑|首勝|首開先河|首須注意|乘勝追擊|倍增|俯仰無愧|倖免|值得|值得一提|值得一試|值得正視|值得投資|值得肯定|值得信賴|值得紀念|值得重視|值得留意|值得崇拜|值得接受|值得尊重|值得尊敬|值得期待|值得稱讚|值得擁有|值得嚮往|值得關切|值得關注|值得觀察|值得讚美|值得讚揚|值勤|值錢|借用|借重|倚重|倒是|個人魅力|修好|倫理|兼有|兼而有之|兼容並蓄|兼優|凌厲|凌駕|准許|剛毅|原因無他|原定|哲人|套用|娛樂|容光|容光煥發|容易親近|容納|容許|展示了|展翅高飛|展翅高翔|展望|展現|展現了|展現友善|展現善意|展現實力|席捲|席捲高壇|師出有名|恭喜|恭賀|恭敬|恭維|恭請|恩惠|息息相關|悔改|悔悟|悅耳|拿下|拿下冠軍|拿下勝利|拿下勝投|拿手好戲|挾著|振作|振振有詞|振振有辭|振衰起敝|振興經濟|振臂歡呼|挺住|挺身協助|挺身聲擾|挺進|捐助|捐獻|挽回|效力|效果更加顯著|效法|效益|效益較好|效能|效率|料得到|料想|時機|時機成熟|時機適宜|晉身成為|晉級決賽|核心|核心準則|核定|格外珍惜|格外神勇|格外激列|格外興奮|殊榮|氣定神閒|氣氛平和|氣氛良好|氣氛和諧|氣氛熱烈|氣度從容|氣勢正旺|氣勢如虹|氣勢驚人|浪漫|浪潮|消退|浴火鳳凰|特大|特立獨行|特地|特地前往|特色|特別|特別好|特別安排|特別保護|特別前往|特別是|特別突出|特別重要|特別強調|特別推出|特別感謝|特別徵詢|特別慰問|特別適合複製|特快車|特佳|特定|特殊|特級|特強|特許|特質|留下|留下來|留下許多|留心|留名|留住|留神|留情|留意|留戀|疾呼|疼愛|疼愛地|益加顯示|益增|益趨|益顯貼切|真了得|真切|真心的感謝|真心誠意|真正|真正安心|真正考驗|真正重要|真正擺脫|真好|真希望|真的是|真是如此|真相|真能|真理|真進了|真愛|真誠|真誠執行|真實|真確|砸下|砸下巨資|破天荒|破冰之旅|破門而入|破紀錄|破獲|破鏡重圓|砲火又發威|神功護體|神色從容|神似|神志正常|神志清明|神技|神來一推|神奇|神采奕奕|神勇|神威|神氣活現|神情愉悅|神通廣大|神智健全|神童|神準|神聖|神蹟|祝賀|祝福|秩序|笑口常開|笑兮兮|笑死囉|笑容|笑著擁抱|笑傲|笑靨|素有|素有淵源|索取|索賠|索償促進|純正|純淨|純粹愛好|純熟|耿直|胸有成竹|脈絡可循|能力|能充分理解|能生產|能吃苦耐勞|能有|能免除|能求|能言善道|能使|能供應|能保住|能為|能做到|能堅守|能夠依|能夠理解|能得|能從容轉型|能符合|能超越|能幹|能落實|能跟進|能奪標|能實行|能與|能應付|能懂|能瞭解|能體會|能讓|虔信|虔敬|衷心|衷心地|衷心祝福|衷心期盼|記取|討人喜歡|討人歡喜|討公道|訓練|訓練有素|財產|貢獻良多|起自|起步|起身鼓掌|起於|送去|送交|送達|送禮|逆轉攻勢|逆轉秀|迷人的美|追及|追加|追平|追成|追求成功|追求完美|追求更好|追求更高|追求理想|追討|追高|追尋|配合|配合修正|針對|陣容|馬上|馬首是瞻|高人一等|高手|高水準|高出|高出甚多|高出許多|高成就|高而富|高妙|高技術|高呼|高尚|高居|高居榜首|高招|高於標準|高昂|高的肯定|高品質|高度|高度成長|高度重視|高度評價|高度凝聚力|高度興趣|高峰|高級|高高興興|高高舉起|高唱|高得多|高得驚人|高掛|高球明星|高處|高貴|高貴優雅|高超|高階|高雅|高達|高談闊論|高踞|高興極了|高舉|高點可期|高瞻遠矚|高額|鬥士|鬥志高昂|停火|停戰|假以時日|假使|做出|做好|做好準備|做到|做為研判|做得到|做證|偉大|偉大成就|健全|健壯|健康|健康化|偶然發生|側重|偏好|偏愛|偏屬|務必|務使|務期|務實|勘查|動力相當明顯|參加|參加踴躍|參考|參採|參與構思|參戰|參觀|參觀比較|商機|商機豐厚|問世|問鼎|唯一可靠|唯實論|堅守立場|堅忍|堅決|堅決要求|堅固|堅固耐用|堅定|堅定不移|堅定化|堅定共識|堅定地|堅定承諾|堅信|堅持完成|堅持保留|堅強|堅強信念|堅絕|堅韌|堅實|堅稱|堅毅|堅穩|基於道義|堂而皇之|執掌|培養|夠風光|夠資格|寄希望|寄託|密切|密切注意|密切結合|密切溝通|密切關注|專人護送|專心|專注|專美於前|專家|專業|專業化|將了解|將分占|將功贖罪|將可|將可以|將可如期|將可利用|將可使用|將可能|將可參加|將可獲得|將瓜分|將如期|將成|將成立|將成為|將有|將有助益|將有機會|將自|將形成|將改為|將走強|將到|將和|將於|將建立|將要|將討論|將配合|將高達|將做為|將牽動|將訪問|將發動|將會|將會大增|將會建議|將會是|將會認真研究|將補足|將跟著|將對|將盡力|將盡快|將管理|將調查|將儘快|將舉行|將釐清|將贏得|崇尚|崇拜|崇高使命|崇高理想|崇揚|崇揚正面|崇隆|崇敬|常見|常常|常理|常勝|帶回|帶好|帶有靈感|帶來和平|帶來挑戰|帶來福氣|帶來歡樂|帶動|帶進|康健|康莊大道|強力|強力手段|強力支持|強力攻勢|強力建議|強大信心|強心劑|強加於|強打火力|強打如林|強而有力|強行帶走|強壯|強投|強攻|強於|強悍|強烈暗示|強烈關切|強健|強盛|強過|強過頭|強調了|彬彬|彬彬有禮|得人心|得力|得大獎|得分|得心應手|得手|得主|得以|得以加入|得以倖免|得以發展|得以團聚|得以適用|得先|得自|得利|得志|得依|得來|得到|得到改善|得到最大好處|得到落實|得宜|得知|得為|得要領|得兼|得接受|得勝|得意揚揚|得過|得對|得維持|得獎|得獎最多|得償|得體|從不諱言|從中得利|從中獲利|從天而降|從未放棄|從事改革|從容|從容不迫|從速|從速修正|從實|從寬|從寬認定|從優|從優撫卹|悠久|悠哉|情不自禁|情投意合|情況相符|情深|情理兼顧|情願|探望|探親團聚|探囊取物|接見|接受殊榮|接近完成|接待|接通|接管|接濟|接獲|接觸交流|捷足先登|捧回|捧走|捧場|捧過|掩飾太平|掃進|推力|推向|推行|推波助瀾|推動|推崇|推崇備至|推理|推進|推敲|推算|推論|推銷|採行|採信|排名如此高的對手|排定|排除萬難|排進|排萬難|掀起熱潮|救了|救火|救世主|救平|救回|救回來|救助|救災|救到|救援成功|救難|教養|啟用|啟動|啟發想像力|敏悟|敏捷|敏捷地|敏銳的感覺力|斬獲|旋風|望子成龍|望而興嘆|欲求大熾|欲達成|欲與|殺出重圍|殺進|毫不含糊|毫不畏懼|毫不緊張|毫不諱言|毫無止境|毫無止境地|毫無阻礙|毫無疑問|毫無隱諱|毫無懷疑|涼快|涼爽|淳樸|添了|添殊榮|添新|添增助力|清白|清白勝選|清秀|清明|清高|清清楚楚|清理|清理門戶|清晰|清楚|清楚地|清楚易懂|清澈|清潔|清醒|淋漓盡致|淘金|淘金獲利|深入|深入了解|深切|深切注意|深化|深化發展|深沈|深具|深具信心|深具影響力|深受鼓舞|深知|深表同意|深表樂觀|深信|深思熟慮|深重|深情|深感欣慰|深愛|深遠影響|深廣|深慮|深謀遠慮|深諳|淨化|爽快|爽朗|牽動|猛打帶動|猛吹口哨|猛追|猛然飛出|率先|率先響應|率同|率直|率直地|率真|率隊|率領|球王|球功|理所當然|理直氣壯|理智|理想|理想化|理當|理解|理應|現行|現曙光|甜美|甜甜蜜蜜|甜滋滋|甜蜜|甜頭|產生|產生交集|產乳量更高|產量多|略好於|略有起色|略有進展|略高|略勝|略誘|畢生目標|異口同聲|異軍突起|疏導|痊癒、撫平|盛大|盛大歡迎|盛名|盛年|盛行|盛況|盛開|盛讚|眷戀|眾人仰望|眾所期待|眾所週知|眾所熟知|眾望所歸|祥和|票房保證|票選產生|第9種子身分|第一好手|第一要務|第一高|第一高手|第一頭|第一優先|符合要求|符合資格|紮實|細密|細緻|細緻優雅|細膩|累積|終生成就|終身成就|終於|終於等到|終致|終能|終得解放|脫困|脫胎換骨|脫帽致敬|莫不|莊重|處理好|處理得宜|處理善後|被同意|被判處|被判賠|被注視|被迫開放|被強迫|被喜愛|被視為|被愛|被賦予|被選為|被譽為|規矩|規畫|規模最大|規範|規避風險|訪問|許可|許多|許多好手|許多佳績|設立|設立軍|設法改善|設法取得|責任心|責任重大|責任感|赦免|這麼多|這麼好|這麼快|這樣做非常合理|通用|通向|通吃|通行|通往|通知|通常|通暢|通關|逗得大樂|連下|連得|連連勝利|連勝|連結|連稱殊榮|連戰皆捷|連續拿下|逐利|逐步上揚|逐步走強|逐步推動|逐步實現|逐步確立|逐步趨堅|逐漸|逐漸升高|逐漸回升|逐漸好轉|逐漸成為|逐漸走強|逐漸恢復|逐漸消失|逐漸強大|逐漸進行|逐漸調整|逐漸適應|造成|造福|造福社會|透明|透明化|透明度更高|透過|都可|都可以|都可能|都有|都有可能|都希望|都能|都記住|都會|都會有|都滿意|都需要|陪同|陪著|陶醉|雀躍|頂尖|備妥|備受肯定|備受關注|傑出表現|傑作|最了解|最上|最大成就|最大利益|最大努力|最大受益|最大的誠意|最大保障|最大挑戰|最大規模|最大勝幅|最大誠意|最大領先|最大熱門|最大獲勝|最大關鍵|最大贏家|最方便|最主要|最令人難忘|最可能|最先|最先進|最多|最多安打|最多次|最多勝|最好|最好地|最好的方法|最好是|最好結果|最好照顧|最好機會|最年輕|最成功|最有|最有可能|最有利|最有希望|最有威望|最有效|最有效地|最有效發揮|最有氣勢|最有意義|最有資格|最有價值|最有價值球員|最有影響力|最有權勢|最完美|最希望|最快|最快速|最佳|最佳示範|最佳成績|最佳勁旅|最佳指標|最佳紀錄|最佳復出|最佳新人|最佳新人榮銜|最佳新秀|最佳機會|最具|最具主宰力|最具后望|最具成效|最具有|最具影響力|最具優勢|最具體|最受期待|最受歡迎|最怏|最長|最便宜|最看好|最盼望|最突出|最紅|最美麗|最負盛名|最重大|最重要|最風光|最首要|最值得|最容易|最根本|最特別|最能適應|最高|最高明|最高紀錄|最高峰|最高得分紀錄|最高榮耀|最高榮譽|最高領導|最高薪|最高權力|最偉大|最強實質作用|最接近|最深|最深刻|最理想|最符合|最終夢想|最被看好|最頂峰|最傑出|最富|最富影響力|最惠國待遇|最期盼|最棒|最短局數|最貴|最進步|最雄厚|最想|最想成為|最想看|最愛|最新|最新公布|最新完成|最新發展|最會賺錢|最節省|最該|最實際|最漂亮|最精采|最需要|最厲害|最寬|最熱門|最熱烈|最適當地|最靠近|最優先|最優先推動案|最優先項目|最優秀|最優厚|最優異|最應|最燦爛|最鍾愛|最豐收|最關心|最關鍵|最難忘|最難得|最嚴密|最耀眼|最顯著|凱旋|創下|創立|創立者|創佳績|創始|創紀錄|創設|創造|創造力|創造出|創造性|創意|創新|創新高|創舉|勝出|勝任|勝利在望|勝利在握|勝利作收|勝利的號角|勝投|勝投在握|勝券在握|勝基|勝率優勢|勝幅|勝訴希望|勝過|勝算|勝算較大|勝選|博得|博得滿堂采|博愛|博愛者|喊得響亮|喝采|喝彩|喘一口氣|喜不自禁|喜出望外|喜好|喜悅|喜氣|喜氣洋洋|喜酒|喜感|喜愛|喜愛機會|喜極而泣|喜嘗|喜劇|喜慶|喜歡|單季最多|喚回|圍觀|堪稱|報恩|報喜|奠下基礎|奠定勝基|奠基|富有|富有魅力|富足|富於|富於同情心|富於機智|富幽默感|富強|富麗|富麗堂皇|富饒|寓意|尊長|尊重人|尊重現實|尊崇|尊貴|尊敬人|尊榮|尋獲|就一定得|就可|就可以|就可解決|就有|就有能力|就能|就能完成|就夠了|就得|就會|就範|幾乎可說是|幾乎相同|幾乎等於|幾乎等於是|幾無瑕疵|復活|復活之路|復燃|循序漸進|悲憫|愉快|愉快地|愉快地說|愉快封王|愉悅|掌控|掌理|掌握機先|提升|提升效率|提名|提供協助|提供援助|提供適度救助|提建|提振|提高了|提高品質|提攜|握手言和|握手致意|握有|握有證據|揖讓而升下而飲|揭發真相|援引|援用|援助|換成|揚名立萬|揚威|揚揚|揚揚自得|敞開|敞開大門|敢用|敢於承認|散播|普受讚揚|晴朗|智力|智慧|智慧之道|期使|期勉|期盼|期能|期望|期望更高|期望說服|期望獲勝|期許很高|期許高|朝服|朝著|棒子發燙|棒棒精采|款待|欽佩|渡過難關|湧現|湧過|減免|減稅|渴求|渴求和平|渴盼|渴望|渴望獲得|滋潤|滋養|焦點|無一不是|無人能及|無人能擋|無不|無不以|無日無之|無比|無可挑剔|無可責難|無污點|無刺激性|無法抗拒|無阻|無非|無非是|無畏|無畏無懼|無重大疑問|無限上綱|無限制|無害|無害處|無時無地不|無缺|無缺點|無庸|無庸置疑|無庸置疑地|無庸贅言|無異|無異狀|無異議|無惡意|無痛|無痛苦|無裂縫|無意外|無瑕|無瑕疵|無罪|無過失|無疑|無疑地|無疑是|無疑問|無誤地|無障礙|無價|無憂無慮|無慾|無敵|無衝突|無懈可擊|無礙|無邊無際|無懼|無懼於|無懼無畏|無髒污|猶未為晚|猶如超人|畫上等號|痛快地|痛定思痛|登上|發出難得的真心話|發生|發光|發行|發展成熟|發展有利|發展迅猛|發展空間|發展潛力|發財|發財致富|發現|發揮力量|發揮助益|發揮應有的實力|發揮競爭實力|發揚|發達|發奮圖強|發願|發覺|盜壘成功|稍好|稍息|稍高|稍微揚升|稍感寬慰|稍獲滿足|稀奇|等同於|等到|等於宣佈|等於是|等待|等量齊觀|策動|策劃與推動|答允|答稱|答應|答謝|結合|結盟|結緣|結識|絕大部分|絕不止此|絕不偏私|絕地大反攻|絕地反撲|絕妙|絕技|絕佳|絕配|絕無風險|絕無虛假|絕無錯誤|絕對公平公正|絕對支持|絕對可以|絕對可以恢復|絕對多數|絕對服膺|絕對會|絕對應該|絕響|絡繹不絕|給予幫助|給足|善心|善加利用|善良|善於|善於經營|善待|善後|善理|善理家|善終|善進|善意|善意回應|善盡|善盡言責|善盡責任|善盡職責|善說服|善舉|善辯|舒服|舒解|舒暢|舒適|菁英|著力|著手|著手改善|著名|著重|著意|著想|著稱|著墨|著墨頗多|虛擬|裁決|裁定|視此為|視其為|視為|視察|評斷|証明|証實|訴求|訴願|診斷|貼切|貼近|貼補|貴重|貴氣|貴族|貴賓席|越大越好|越好|越有利|越見進步|越來越多|越來越重要|越來越高|越是重要|越高|越過|越辦越好|越變越好|超人氣魅力|超凡|超凡成就|超凡技術|超升|超出甚多|超好|超自然神技|超完美|超旺|超級明星|超級新人|超級戰將|超高分|超猛|趁早|趁著|進一步|進而|進而合作|進而促進|進而謀求|進行|進行協商|進行研究|進行研商|進行順利|進行溝通|進行補償|進行對話|進行確認|進行瞭解|進行辯護|進決賽|進取|進取心|進軍|進展|進程|進階|進補|進駐指揮|量身打造|開化|開心|開心地|開出|開打在即|開立|開成|開始交易|開始成形|開始和解|開始參與|開始啟用|開始統合|開始規劃|開始登基|開始進行|開始鼓勵|開始實施|開放自由|開明|開胡|開展|開朗|開張|開啟|開設|開通|開發|開源節流|開誠布公|開誠佈公|開端|開辦|開闊|開釋|開闢|開鑼|陽光普照|雅量|雅觀|雄心|雄心壯志|雄厚|雄偉|集中心力|集中注意|集中精神|集思廣益|集資|集體|順手|順利上路|順利如願|順利成功|順利完成|順利投入|順利取得|順利施行|順利展開|順利拿下|順利起步|順利起跑|順利執行|順利推行|順利推動|順利通過|順利登場|順利發行|順利進行|順利進展|順利會議|順利運作|順利過關|順利奪標|順利監督|順利確定|順利獲勝|順利舉行|順利闖關|順利贏得|順風車|順眼|順當|順遂|順暢|順應|順應大趨勢|須完成|須知|須要|須配合|須視|須調整|黃金|黃金陣容|黑馬|亂中有序|傲居|傲視|傲視國聯|傲視群雄|傳來|傳奇人物|傳奇性|傳達善意|僅能|僅慎|傷癒|勤於|勤於練習|勤勉|勤奮|勢必堅持|勢必會|勢在必行|勢在必得|勢如破竹|勢所難免|勢氣如虹|匯率穩定|嗜好|圓滿成功|媲美|幹勁|廉潔|微妙|微笑|意在|意即|意志堅定|意志集中|意味深長|意味著|意指|意料中|意料中事|意氣風發|意義|意義非凡|意義重大|意謂|意謂著|意識|意識到|意願|慈和|慈祥|慈悲心|慈悲為懷|慈善|感化|感同身受|感到心安|感到安慰|感到放心|感到高興|感到滿足|感到滿意|感到慶幸|感性|感恩|感動|感慨萬千|感激|感興趣|感謝|感覺|感覺真好|想出辦法|想必|想見|想知道|想要|想要看|想要得到|想要贏|想拿下|想拿到|想從|想符合|想開一點|想當|想當第一|想像|想像力|想盡辦法|想辦法|想幫助|想獲勝|想贏得|愛人|愛人如己|愛上|愛心|愛打趣|愛好|愛好和平|愛和關心|愛國|愛國心|愛情|愛惜|愛透了|愛說話|愛憐|愛撫|愛戴|愛護|愈打愈旺|愈有幫助|愈快愈好|愈見增長|愈來愈多|愈來愈有|愈來愈長|愈來愈高|愈來愈盛|愈來愈關心|愈益增加|慎重行事|慎重起見|慎重應處|慎審|慎慮|慎選|搶下|搶佔|搶得|搶得先機|搶得第一|搶得領先|搶眼|搶勝|搶搭|搶盡了鋒頭|搶盡風采|搶盡鋒頭|搶購|搶購一空|搶購浪潮|敬老|敬畏|敬畏有加|敬重|敬愛|敬禮|新水平|新出爐|新生|新任|新成立|新而多元|新希望|新奇|新的紀元|新的選擇|新思維|新紀元|新重心|新重點|新面貌|新頁|新秩序|新商機|新統合|新創|新進展|新嘗試|新增|新締定|新誕生|新銳|新興|新選擇|新鮮|新鮮事|新寵|暗暗稱許|暖呼呼|暖和|暖烘烘|暖意|會心|會心一笑|會以|會同|會在|會有|會更好|會見|會使|會服從|會挑戰|會是|會重視|會勘|會參加|會堅持|會將|會談|會親|會贏|會顧及|會讓|業績最好|極力|極力解決|極力誇獎|極可能|極正常|極好|極好的人|極有|極有可能|極有潛力|極有機會|極具雄心|極度高興|極為明顯|極為高昂|極為密切|極為慎重|極為穩健|極為關切|極重要|極高|極強|極欲|極富彈性|極貴重|極感興趣|極樂|極點|源源不絕|源源不斷|溝通|溝通協調|溫文|溫文儒雅|溫和|溫柔|溫柔親切|溫情|溫順|溫暖|溫慰|溫藹|準備充分|準備好|準備迎接|準備參加|準備開始|準備達成交易|準確|煙消雲散|照常|照常流通|照理|照理說|照護|當下|當上|當心|當以|當成|當成英雄|當作|當你落後|當言|當省則省|當紅|當紅炸子雞|當面溝通|當家|當做|當推|當然|當然好|當然更美|當然是|當然會|當然會好|當然歡迎|當道|當選|痴心|痴狂|痴情|痴痴|盟友|萬全|萬臣朝服|萬事順遂|萬能|萬靈仙丹|節制|節奏|節省|節約|節約能源|節儉|節慶|經典作|經常|經常想|經得起檢驗|經過|經過評估|經過學習|經調查|經濟成長|經濟榮面|經濟繁榮|經驗豐富|置喙|義正詞嚴|義務|義無反顧|群起仿效|群起效之|群策群力|聖人|聖潔|腦力激盪|落入手中|落實回饋|落實推動|號稱|蛻變|補充|補助|補足|補進|補實|補憾有餘|解危|解決了|解決能力|解凍|解答|解開|解開了|解禁|解讀|解讀為|該用則用|該有|該言當言|該怎麼做就怎麼做|該是|詳加說明|詳細|詳盡|詳盡而合理|詳盡說明|試著|試著實現|試圖利用|試圖說服|詩意|誇獎|誇讚|誠心|誠心期盼|誠心誠意|誠如|誠信|誠盼|誠然|誠意|誠實|誠實以對|誠摯|誠摯的希望|誠懇|資助|資深|資深名將|資源|資源共享|資源豐富|資優|跟得上|跨進|跨過|跳板|跳脫|較大進展|較好|較好者|較有利|較自由|較快|較易|較易凸顯|較易著手|較明顯|較長|較為平坦|較為寬鬆|較高|較優|較優者|較穩定|運用|運作順利|遊行|道奇隊腿五項全能|道理|道喜|道賀|道歉賠償|道德|道德堅持|道德崇高|道德崇高的人|遂行|達共識|達多項共識|達成了|達成共識|達成多項共識|達成協議|達成和解|達成初步共識|達成高度共識|達成統一|達成默契|達此成就|達改革協議|達到|達到一致|達到了|達到最高峰|達協議|達觀|逼出|逼真|逼著了解|過人|過招|過高|過高期望|過頭關|過癮|零缺點|預見|預定完成|預知|預訂一空|預留|預期|預期揚升|預謀|頒獎|頌德|鼎力|鼎力支持|鼎足而立|鼎盛|鼓吹|鼓起勇氣|鼓掌致敬|鼓掌歡呼表示通過|鼓掌歡迎|鼓舞|鼓舞人心|鼓舞人心的人|鼓勵|像神一樣|僱用|兢兢業業|劃分|劃定|嘗到和平|嘉獎|嘖嘖稱奇|嘟嘟|團結|圖強|塵埃落定|夥伴關係|夢想|夢想成真|奪三振|奪下冠軍|奪回|奪得|奪得冠軍|奪得榜首|奪牌|奪銅|奪標有望|嫣然一笑|寧可選擇|寧靜|實力|實力相當|實力強|實力過人|實力證明|實力證明一切|實用|實用性|實地考察|實在|實在太好|實在是|實在論|實有必要|實至名歸|實事求是|實施|實為|實現|實現了|實現出來|實話|實話實說|實際|實際上|實際可行|實際存在|實際協議|實質|實質可信|實質作用|實質助益|實踐|察覺|對外散布|對外開放|對決勝出|對準|對照|屢敗屢戰|屢創佳績|嶄新|廓清|彰顯|徹底打破|徹底並快速|徹底解決|態度沈著|態度堅持|態度強硬|態度從容|態度懇切|慷慨的行為|截然|摘下|摘取|敲定|旗開得勝|旗鼓相當|暢旺|暢談|榮光|榮景|榮登|榮登寶座|榮銜|榮獲|榮膺|榮耀|榮譽|歌頌|演出完美|演出逆轉|滴水不漏|漂亮摘下|滿正常|滿足|滿面春風|滿健康|滿貫砲|滿貫彈|滿意|滿意地說|滿載|滿載而歸|滿滿|滿滿信心|滿臉微笑|滿壘砲|滿懷|滿懷希望|滿懷信心|滿懷敬畏|漸有起色|漸進|漸趨一致|滲透率高|甄選上|疑似|盡力|盡可能|盡全力|盡如人意|盡快|盡快公布|盡快平息|盡快解決|盡我所能|盡情|盡情地|盡速|盡最大努力|盡最大能力|盡量|盡量協助|盡歡|睿智|福利|福星高照|福祉|福音|福氣|種族和解|稱心|稱心如意|稱心快意|稱王|稱呼|稱冠|稱帝|稱為|稱得上|稱第一|稱許|稱職|稱霸|稱讚|窩心|竭誠|竭誠歡迎|竭盡所能|端正|端莊|算老大|算是|算數|精力|精力充沛|精力旺盛|精心|精心規劃|精心設計|精巧|精巧地|精巧的設計|精良|精芒閃現|精於預估|精明|精明幹練|精采|精采可期|精采表現|精采演出|精采戲碼|精美|精英|精神大振|精神支持|精神百倍|精密|精彩|精彩演出|精細|精通|精減|精湛|精華|精進|精準|精確性|精確度|精緻|精緻化|精選|精簡|精髓|綜合|綽綽有餘|緊盯|緊咬|緊急處理|緊要關頭|緊追|緊追不捨|緊追在後|緊追其後|緊張刺激|緊張降低|維持了|維持固定|維持秩序|維持現狀|維持穩定|維特|維護|維護人類健康|聞言大笑|肇於|臺灣省長宋楚瑜|與之匹敵|與之爭鋒|與有榮焉|與時並進|與會|蒙受利益|蓋世|蒐集完全|製造雙殺|語驚四座|認可|認定|認知|認為|認為是|認為應|認真追求|誓牽成|說明了|說服|說服力|說得好|誘使|豪勇|豪爽|豪華|賓主盡歡|赫然可見|趕快|趕緊|輔助|輕而易舉|輕快|輕快地|輕易|輕鬆自在|輕鬆改寫|輕鬆抱走|輕鬆挺進|輕鬆捧走|輕鬆獲勝|輕鬆闖關|遠大於|遠大過|遠見|遠景看好|遠景樂觀|遠超過|遠觀|遙遙甩開|遙遙領先|需求殷切|頗力|頗多|頗有可為|頗有好處|頗有改進|頗有淵源|頗具吸引力|頗受重視|頗為符合|頗為熱中|頗高|領先最多|領先群雄|領先維特|領先優勢|領回|領獎|齊心面對|齊名|齊揚|齊聚|儀態高貴|嘻嘻|嘻嘻哈哈|嘿嘿|增加|增加互信|增加免疫力|增多|增至|增長|增長了|增建|增修|增強免疫力|增添了|增添更多|增添許多|增援|增進|增進互信|增進友誼|嬌美|寬大|寬心|寬厚|寬容|寬容風度|寬赦|寬敞|寬裕|寬達|寬廣|寬闊|寬鬆|審查完成|審慎|審慎密集|審議完成|寫下|寫定|寫實|寫實地|履行|廢寢忘食|廣大|廣泛採用|廣為散布|廣闊|彈性空間|德高望重|德高望重的人|徵用|慶幸|慶祝|慶賀|慰助|慰勉|憐憫|憐憫心|戮力以赴|戮力於|摩拳擦掌|撐下去|撐完|撐得過去|撐腰壯聲勢|撫平|數以千計|數量優勢|暫定|暫時保留|樣樣精通|標致|標準|標識|樂不可支|樂天|樂乎|樂在其中|樂此不疲|樂見|樂見其成|樂事|樂事多|樂呵呵|樂於|樂於接受|樂透|樂透了|樂園|樂意地|樂意接受|樂趣|樂翻了|樂翻天|樂壞|樂觀|樂觀地|樂觀些|樂觀其成|樂觀的預期|樂觀開朗|毅然|潔淨|潛力大|潛心|潛心於|潮流|熟悉|熟慮|熟練|熟練地|熟練掌握|熱力|熱中|熱切|熱切地|熱切於|熱切盼望|熱切推動|熱心|熱心反菸害|熱心助人|熱心腸|熱忱|熱門商品|熱門話題|熱烈|熱烈期待|熱烈歡迎|熱衷|熱得發燙|熱情的接待|熱情參與|熱情款待|熱望|熱絡|熱愛|熱誠|熱誠地|熱潮|熱熱鬧鬧|熱賣|熱鬧|熱戀|獎金|獎品|獎章|磋商和解|確切|確可|確在擴展|確有|確有必要|確有此事|確有其事|確定|確定性|確定參賽|確信|確保和平|確保繁榮|確是|確是很棒|確為|確曾|確實|確實有|確實是|確實符合|確認|確認同意|確屬|締定|締造利多|締創|締結|練成|緬懷|緩解|緩衝|緩衝期|蓬勃|蓬勃發展|衛生|衛冕|衛冕成功|衝上|衝上第一|衝向|衝刺|衝到|衝往|衝勁|衝破|衝鋒|褒多於貶|談及|談成|談妥|談笑|談笑用兵|談笑風生|談戀愛|請益|請願|課徵|調升|調和|調查|調查鑑定|調派|調高|調停|調漲|調劑|調整|調整支應|調整完成|調整修正|調整劃歸|誰與爭鋒|論斷|豎白旗|豎起了白旗|賞心悅目|賞識|賞識到|賦予重任|賢人|賢明|賢淑|賣力|趣味|趣味相同|踏上|踏進|輝煌|輝煌落幕|輝耀|輪迴重生|適才適性|適切|適任|適合|適宜|適性|適度|適時|適時進場干預|適得|適得其所|適逢|適量|適意|適當|適當地|適當時機|適應|鄭重|醉人|醉心|銷售熱潮|震懾|靠近|靠著|鞏固|養好|養活|養顏美容|餘威|駐足|魅力|魄力|儒雅|儘可能|儘快|儘快完成|儘快展開|儘快解決|儘快實施|儘速化解|儘速完成|儘速展開|儘速確定|儘量使用|冀望為|凝合力|勳績|噪聲小|器重|奮力一擊|奮力掙扎|奮力演出|奮爭|奮勇|奮起|奮鬥|奮發|奮進|學以致用|學成|學成歸國|學有專精|學習好|學進|學進去|學會|學會謙卑|導正|導向|憑著|戰利品|戰技精良|戰無不勝|戰績佳|戰績獨走|擅長|擁有|據以下令|據以論斷|據以證明|據信|據理力爭|據實|據稱|擄獲|擇優|操作得當|操控|操盤|撿到便宜|撿便宜|擔保|擔待|擔當|整合|整合成功|整治|整建|整理出來|整頓|整齊|整潔|整體而言|樸素|橫掃|橫掃千軍|樹立|機動性最大|機敏|機敏地|機率很高|機智|機會|機警|機靈|歷久不衰|歷史最久|歷史新高|濃情蜜意|澤及|激賞|燃起希望|獨力推動|獨大|獨占鰲頭|獨立|獨立自主|獨有|獨步|獨步全球|獨享|獨特|獨特魅力|獨得|獨創|獨創性|獨尊|獨領|獨領世界風騷|獨贏|磨刀霍霍|磨功|磨好利爪|積極任事|積極回應|積極革新|積極務實|積極推動|積極尋求改善|積極辦理|積極擬定|篤定|篤定加冕|篤定成為|興沖沖|興旺|興建|興致勃勃|興起|興高采烈|興高采烈地|興盛|興隆|興趣|興奮|興奮不已|興奮期待|融合|融和|親切|親自|親自下達|親自主持|親自出馬|親自目睹|親自迎接|親自前往|親自陪同|親自督軍|親自歡迎|親身指導|親迎|親近|親信|親密|親善|親愛|謀求|謀求改善|謀求解決|謀定|諾言|辨認|辦到|遵守|遵行|遵從|遵照|選用|選定|選擇和平|錯不在|錦囊妙計|頻傳|頻頻點頭|頭條|頭號|頭銜|默許|龍爭虎鬥|龍頭老大|優先|優先考量|優先於|優先保障|優先要求|優秀|優秀人才|優良|優於|優哉遊哉|優美|優美地|優異|優異成績|優異表現|優勝|優惠|優渥|優越感|優質|優點|償清|嚐到甜頭|壓倒性勝利|幫了|幫忙|幫助更大|幫助甚大|幫助脫離困境|彌合|彌足|彌足珍貴|彌補了|應予肯定|應予尊重|應加快|應加快腳步|應可|應可以|應可思考|應可望|應用|應用最廣|應由|應先|應先解決|應同|應有|應有權益|應考慮|應把|應把握機會|應更強硬|應沒有問題|應享有|應協助|應拋棄|應於|應爭取|應保留|應思考|應持有|應是如此|應是相當明顯|應致力|應准|應能|應配合|應做|應堅持|應得|應從|應接不暇|應尊重|應等於|應善用|應會|應當|應當感謝|應解決|應該了解|應該加速進行|應該同意|應該信守|應該相信|應該要|應該堅持|應該會|應該獲得保障|應盡|應盡量|應增加|應調整|應儘快取|應戰|應積極對外宣示|應遵守|應遵行|應遵重|應優先執行|應獲|應獲得|應邀回訪|應歸功|應謹慎行事|應屬|應屬合理|應變|應驗|懂事|懂得|懇切|懇切溝通|懇摯|懇請|戲劇性|擊出|擊敗群雄|擠上|擠得上|擠得上榜|擠滿了|擬定|檢視|濟事|營養|燦爛|獲力|獲任命|獲共識|獲好評|獲此殊榮|獲判|獲利|獲利了解|獲批准|獲取|獲取好處|獲知|獲保送|獲冠|獲致|獲致共識|獲致利益|獲致重要共識|獲准|獲殊榮|獲益|獲益仍是良多|獲益匪淺|獲得共識|獲得好處|獲得成果|獲得改善|獲得具體共識|獲得承認|獲得肯定|獲得初步共識|獲得保障|獲得冠軍|獲得重視|獲得勝利|獲得勝選|獲得喘息|獲得援助|獲得解決|獲得滿足|獲得澄清|獲得遵行|獲得證明|獲得證實|獲悉|獲救|獲勝|獲勝投|獲提名|獲評|獲頒|獲獎|獲獎金|獲賠|獲賠償|獲選|獲選為|獲償|獲邀|獲邀參賽|獲邀請|獲釋|療傷|瞭解|矯正|績效|績效良好|縱橫|繁茂|繁盛|繁榮|繁榮發展|繁榮進步|繁榮興盛|聲明|聲望|聲援|聲稱|聲請|聲譽|聲譽好|聲譽良好|聰明|聰慧|聰穎|聯手出擊|聯手修正|聯手贏得|聯合|聯合主辦|聯合拓展|聯合服務|聯合宣言|聯合起來|聯合提議|聯合聲明|膺殊榮|膽量|臨危不亂|臨門一腳|舉世所矚目|舉世聞名|舉行|舉行凱旋式|舉足輕重|舉國歡騰|舉雙手贊成|襄助|襄理|謙卑|謙恭|謙恭有禮|謙恭有禮的言辭|謙遜|講義氣|謝天謝地|謝意|豁免|豁然開朗|賺了|賺入甚多|賺進|賺錢|賽史最多|賽史新猷|購買|趨於|趨於走緩|趨於緩和|趨堅|避免傷及|避風港|避戰|避險|避險功效|遽下判斷|還可|還好|還有|還有可能|還是|還要|還能|還高|還會|還會再出現|還會有|還算|還算是|邁向和平|邁向和解|邁向新的紀元|邁向新高|邁進|邁進一大步|邁開|邁開大步|鍥而不捨|鍾情|鍛煉|隱約露出|鮮明印象|鮮明展現|鴻通|點明燈|點頭|擴大適用|擴大辦理|擴充|擺好定石|擺明|擺脫低潮|斷言|斷定|歸功|歸功於|歸於|歸屬|獵下|獵獲|禮盒|禮貌|禮儀|簡易|簡明|簡便|簡樸|翻身|職業精|藍天|藉以|謹言慎行|謹記在心|謹慎|謹慎行事|豐功偉績|豐收|豐盈|豐富|豐腴|豐滿|豐碩|豐饒|轉化人心|轉向|轉好|轉機|轉趨熱絡|轉圜的餘地|轉圜餘地|鎖定|鎮定|鎮鎮定定|闖一關|闖出一片天|闖越過|闖過頭關|闖蕩|闖頭關|闖關|雙強|雙殺打|雙喜臨門|雙管齊下|鬆一口氣|寵兒|寵愛|懷有|懷有憧憬|懷念|懷抱信心|懷著|懷著希望|攀上|攀高|爆升|爆發力|癡情|穩住了|穩住陣腳|穩佔上風|穩坐|穩妥|穩妥地|穩步上揚|穩固|穩定|穩定地|穩定性|穩定貨幣|穩定發展|穩定經濟|穩居|穩重|穩健|穩健冷靜|穩紮穩打|穩當|簽下|簽定|簽署定案|繫於|證明|證明了|證實|贊同|贊同之意|贊成|贊成的一方|贊成的論點|贊成者|贊成票|贊助|贊許|關係密切|關連|關進|關愛|關愛參與|關鍵|關鍵因素|關鍵性|關懷|難以勝數|難忘|難怪|難得機會|韻味|願予|願支援|願望|願景|願意合作|願意配合|願意參加|願意接受|勸進|勸導|嚴正立場|嚴格把關|嚴格要求|嚴格遵守|嚴密|嚴肅認真|嚴謹|嚴謹把關|獻上|競合產生|競爭加大|競爭能力|競爭壓力|競相|競相持有|競逐|競逐殊榮|繼續努力|繼續保持|繼續留用|繼續堅持|繼續推動|繼續處理|繼續進行|繼續適用|覺悟|覺得|覺察|覺醒|觸角|觸底反彈|議決|警戒心|警覺|贏了|贏了面子|贏回|贏足|贏定|贏定了|贏得|贏得好彩頭|贏得冠軍|贏得殊榮|贏得勝利|贏得輕鬆|贏得驚險|贏過|贏過球|釋疑|釋懷|闡明|飄揚|饒富意義|騰躍|屬於|屬實|攜手打拚|攜手合作|攜回|攜帶|灌進|續有進展|護主|護主力辯|護衛|譽為|躍上|躍升|躍升為|躍進|躍躍欲試|鐵了心|鐵血三娘子|鐵定|鐵定是|鐵娘子|鐵證如山|霸天|霸占|霸業|霸賞|露出微笑|露臉|顧慮周到|驅力|魔力|權力|權力平衡|權益|權傾天下|歡天喜地|歡呼|歡欣鼓舞|歡迎|歡迎參加|歡迎進行|歡迎調查|歡喜|歡愉|歡愉地|歡慶|歡慶勝利|歡樂|歡騰|歡躍|歡歡喜喜|聽命行事|聽從|聽說|贖回|贖罪|鑑別力|鑑定|鑑於|戀愛|戀戀|纖細|變大|變平靜|變更|變法圖強|變得|變得較好|變清|邏輯|顯而易見|顯見|顯得|顯得容易|顯現|顯現了|顯著|顯著提升|顯著提高|顯著增加|顯著激增|顯著優於|顯赫|顯屬|驚人氣勢|驚人魅力|驚喜|驚羨|驚險晉級|驚險過關|驚險摘冠|驚艷|體壯|體格壯碩|體現|體貼|體會|體察|體認|體認到|體諒|體質不錯|體質健康|體質強健|體積大為縮減|讓人印象深刻|讓人信服|讓人感動|讓人難忘|靈巧|靈巧地|靈光|靈活|靈活運用|靈敏|靈敏性|靈魂人物|驟得盛名|觀念|觀察|觀賞|讚不絕口|讚許|讚許有加|讚揚|讚歎|讚歎不已|讚賞|讚賞有加|讚譽|讚譽有加|紓困計畫|紓解|礭實
,情緒,負向,一下子爆發|一下子爆發的一連串|一大打擊|一大問題|一大障礙|一反|一反前態|一巴掌|一手造成|一文不值|一片譁然|一再叮囑|一再受挫|一死|一屁股|一肚子氣|一肚子壞水|一事無成|一味反對|一味討好|一命嗚呼|一知半解|一雨成災|一昧|一昧要求|一個屁|一個頭兩個大|一個願打一個願挨|一哭二鬧三上吊|一拳|一時大意|一氣|一氣之下|一般殺人罪|一陣狂風|一陣緊張|一張臭臉|一逕|一勝難求|一勝難求郎|一掌|一減再減|一無所悉|一番波折|一番苦戰|一發不可收拾|一筆帶過|一意孤行|一腳踹開|一落千丈|一團混亂|一團糟|一摑|一槍斃了你|一種威脅|一語帶過|一箭之仇|一錯再錯|一點也沒有幫|一點用都沒有|一點點|一蹶不振|一籌未展|一觸即發|七零八落|七竅生煙|了事|了結|了結生命|二度傷害|二等會員|人人自危|人不如狗|人心惶惶|人必自侮而後人侮之|人民不安|人生不就是如此|人吃人|人身攻擊|人身傷害|人事不省|人為失當|人為疏失|人神共憤|人單勢孤|人渣|人間蒸發|人微言輕|人窮志短|入侵|入迷的人|八卦|八股|刀刃|刀光血影|刀割|刁難|刁鑽|刁鑽狡猾|力不從心|力抗|力盡|匕首|十分渺茫|十分複雜|十分擔心|十分艱辛|十分難聞|十分驚訝|又不是|又非|又氣|三八|三流|下三爛|下不了台|下手|下令停止|下半身思考|下台|下台一鞠躬|下地獄|下沈|下垂|下垂度|下毒|下毒手|下流|下重手|下降|下挫|下殺|下陷|下等|下跌|下滑|下落不明|下獄|下墜|下層社會|下暴雨|下賤|下戰書|下錯藥|上下其手|上吊|上限|上當|上癮|上癮者|久久難以平復|久坐|久拖不決|久經|久經世故|久戰兵疲|也不|也不會|也未|也有限|也沒有|也非|也難|乞丐|乞求|乞討|乞得|乞憐|亡走|亡命|亡命者|亡命海外|千斤重擔|千萬|千萬不要|千瘡百孔|口水|口吃|口舌之爭|口角|口臭|口渴|口誅筆伐|口齒不清|土匪|土匪手段|土崩瓦解|士氣低落|大力韃伐|大小姐脾氣|大小便|大毛病|大加批評|大加撻伐|大叫|大叫大嚷著要求|大失|大失所望|大失敗|大打出手|大打折扣|大打官司|大光頭|大吃一驚|大有問題|大冷門|大吹大擂|大吵大鬧|大吼|大忌|大批出沒|大材小用|大災難|大言不慚|大受打擊|大受傷害|大受影響|大怪獸|大雨|大便|大怒|大洪水|大為不滿|大相逕庭|大相扞格|大胖子|大軍壓境|大降|大倒退|大哭|大恐慌|大浪|大浩劫|大烏龍|大破壞|大起大落|大問題|大屠殺|大張旗鼓|大患|大敗|大眾反彈|大笨蛋|大喝倒采|大幅下降|大幅受損|大幅削弱|大幅倒退|大幅衰退|大幅推翻|大幅減少|大幅滑落|大惑|大惑不解|大悲|大減|大發雷霆|大費周章|大貶|大跌|大量流失|大量殺戮|大量噴出|大開殺戒|大亂|大亂流|大傷|大傷腦筋|大勢已去|大塊呆|大意|大意失荊州|大感不安|大感不悅|大感失望|大感吃驚|大感意外|大損|大毀滅|大煩惱|大落|大誇|大話|大嘆|大禍|大澆冷水|大罵|大衝擊|大鬧|大噪|大戰|大蕭條|大錯|大錯特錯|大聲|大聲的要求|大聲要求|大舉入侵|大難臨頭|大嚷|大爛人|大變革|大變動|大驚|大驚小怪|大驚失色|女巫|子彈|小人|小人得志|小人得勢|小心眼|小手段|小毛病|小事|小卒|小便|小孩沒屁眼|小看|小降|小家子氣|小時了了|小氣|小偷|小得多|小眼睛|小規模戰鬥|小傢伙|小幅下挫|小幅走低|小提大做|小跌|小搗蛋|小鼻子|小衝突|小器|小題大作|工作危機|工作過度|己見|已不能|已失去|已生齟齬|已面臨停擺|已無可能|已過盛年|已影響|干戈|干休|干政|干涉證人|干擾|干擾波段|干擾者|才怪|才能指望|才疏學淺|不一定|不一定最好|不一致|不一樣|不了|不了了之|不了解|不下|不大|不大可能|不大可能之事|不小心|不干涉|不予|不予理會|不予著墨|不予置評|不仁|不介入|不允許|不公|不公平|不公平歧視待遇|不公正|不公正判決|不分青紅皂白|不切|不切實際|不友好|不友善|不及|不及格|不太|不太可能|不太相信|不太能|不太討人喜歡|不太精準|不引人注意|不支持|不文明|不方便|不毛|不主張|不以|不以為然|不代表|不充分|不充足|不出|不出場|不加|不加入|不加思考|不去|不去投票|不可一世|不可分割|不可以|不可收拾|不可行|不可取|不可抵抗|不可信|不可信的事物|不可信賴|不可原諒|不可能|不可能之事|不可能任務|不可能成功|不可淪為|不可理喻|不可測|不可愛|不可預知|不可預測|不可靠|不可諱言|不可謂|不可避免|不可避免地|不叫做|不只是|不巧|不平|不平均|不平坦|不平常|不平等|不平等條約|不平整|不平衡|不平靜|不必|不必要|不必當真|不打|不打算|不正|不正直|不正常|不正常的興奮|不正當|不正義|不正確|不甘|不甘不願|不甘心|不甘示弱|不甘寂寞|不甘願|不生育|不用|不用投票|不甩|不示弱|不交代|不光明正大|不全|不全然|不全然相同|不再|不再是|不再適用|不吉利|不同之處|不同意|不名譽|不合|不合乎|不合宜|不合法|不合時宜|不合格|不合情理|不合情理之事|不合理|不合理待遇|不合規定|不合規格之物|不合意|不合群|不合群的動物|不合標準|不合適|不合適地代表|不合邏輯|不在|不在乎|不在場|不在意|不多|不多見|不好|不好好|不好意思|不如人|不如人意|不如前兩年亮麗|不如意|不如預期|不存|不存在|不守|不守規矩|不安|不安全|不安定|不安的狀態|不安寧|不安穩|不成|不成比例|不成功|不成立|不成理由|不成熟|不自在|不自然|不行|不住|不似|不免|不利|不利於|不告而別|不均勻|不均等|不妙|不妊|不妥|不妥協|不妥當|不孝|不完|不完全|不完美|不希望|不忍卒睹|不快|不快樂|不把|不牢固|不牢靠|不肖|不良|不良產品|不見|不見天日|不見外客|不見得|不足|不足之處|不足以|不足以抵禦|不足取|不足為外人道|不足為奇|不足為慮|不足採信|不足維生|不足額|不依|不依法|不佳|不兩立|不具|不具有|不具備|不到|不到案|不協調|不受重視|不受尊重|不受感動|不受鼓勵|不受歡迎|不和|不和諧|不周到|不坦率|不定|不宜|不幸|不幸之事|不幸事件|不幸的人|不幸的是|不幸喪生|不幸罹難|不忠|不忠實|不忿|不怕死|不承認|不承諾|不抱|不易|不易突破|不易瞭解|不易彎曲|不明|不明了|不明不白|不明白|不明原因|不明確|不服|不服氣|不服從|不果|不注重|不注意|不法|不法分子|不法行為|不法行徑|不法活動|不法情事|不治|不直截了當|不知|不知不覺|不知去向|不知好歹|不知所云|不知所措|不知為何|不知恩|不知羞恥|不知道|不知檢點|不肯|不肯投誠|不肯坦承|不肯定|不肯接受|不肯越過障礙物|不肯讓步|不表示|不近|不近人情|不近情理|不長|不長果實|不長眼睛|不長進|不信|不信任|不信任案|不信實|不便|不便之處|不便透露|不保|不保留|不保障|不保證|不厚道|不客氣|不建|不很樂觀|不恰當|不恰當地|不挑釁|不是|不是人|不是很好|不是很高|不是這麼回事|不是最好|不是滋味|不是辦法|不流行|不流動|不活潑|不為|不為人喜|不為接受|不甚|不甚了解|不甚積極|不畏|不省|不省人事|不相同|不相來往|不相宜|不相信|不相容|不相配合|不看好|不美|不美滿|不耐|不耐煩|不要|不要命|不要臉|不負責|不負責任|不重要|不重要之人|不重視|不值|不值一評|不值得|不值錢|不值錢的東西|不修邊幅|不倫不類|不准|不容|不容易|不容許|不屑|不屑於|不屑做|不恥|不悅|不悅之色|不悅耳|不振|不料|不核准|不涉及|不留心|不留神|不真實|不眠|不純|不純潔|不能|不能失信|不能再推卸|不能安定|不能吻合|不能忘記|不能決定|不能兩全|不能征服|不能肯定|不能信賴|不能倖免|不能容忍|不能區別|不能夠|不能寄望|不能得兼|不能理解|不能透露|不能勝任|不能想像|不能解決|不能解決問題|不能解釋|不能認同|不能說沒有|不能說明|不能辨別|不能壓制|不能矯正|不能醫治|不能驅逐|不記得|不討喜|不起|不起作用|不起眼|不配|不配合|不高|不高興|不停叫罵|不健全|不健康|不務|不務正業|不參加|不問|不堅固|不堅定|不夠|不夠公平|不夠好|不夠格|不夠深廣|不將|不強|不強迫|不得|不得人心|不得力|不得已|不得不如此|不得交保|不得志|不得要領|不得超過|不得養老|不得檢查|不從|不情願|不接受|不捨|不清|不清楚|不爽|不理|不理想|不理會|不理解|不祥|不符|不符合|不細密|不習慣|不莊重|不被|不被承認|不規則|不規則的事物|不許|不這麼想|不這麼認為|不速之客|不勞|不勞而獲|不勝|不勝任|不啻變天|不喜歡|不單單是|不堪|不堪一擊|不堪負荷|不堪設想|不堪過往|不堪撿視|不報|不尊重|不尋常|不就|不復|不復之境地|不復見|不愉快|不愉快的事|不提|不敢|不敢同|不敢抱怨|不敢保證|不敢苟同|不敢置信|不普遍|不景氣|不智|不智之舉|不曾|不測|不然|不發|不發達|不結果|不結果實|不善|不舒服|不舒適|不著|不開放|不雅觀|不順利|不順眼|不順當|不順當地|不須要|不僅|不僅疏忽|不僅僅是|不意味|不感到|不想|不想成為|不想要|不愛|不慎|不搞|不敬|不新鮮|不會|不會再相信|不會同意|不會有好結果|不會改變|不會期待|不會無限期拖延|不會碰到|不會辭職|不準|不準備|不照顧|不當行為|不當的責難|不當處理|不當獎勵|不睦|不經|不經心|不經意說出|不經濟|不置可否|不義|不解|不解決|不該|不誠實|不道德|不像|不像真實|不像話|不寧|不實|不實在|不對|不對勁|不對等|不對稱|不對頭|不對頭地|不彰|不滿|不滿足|不滿意|不盡|不盡合理|不盡快|不盡相同|不稱心|不稱心地|不端|不管|不管三七二十一|不管怎樣|不管怎樣地|不算|不精密|不精確|不與|不認為|不認罪|不認識|不說話|不說實話|不輕鬆|不遜|不需|不需要|不履行|不樂|不樂於|不樂意|不潔|不潔淨|不熟悉|不確|不確定|不確信|不確實|不衛生|不談|不課|不調和|不論|不適|不適用|不適任|不適合|不適時|不適格|不適當|不適應環境|不遭合|不學無術|不擇|不擇手段|不整齊|不親切|不諱|不遵守|不遵循|不應|不應該|不應構成|不懂|不懂人情世故|不懂事|不擬|不檢|不講信用|不講話|不講道理|不賺錢|不斷下跌|不斷引起苦惱|不斷地找..的岔子|不斷嘮叨|不斷騷擾|不歸路|不禮貌|不謹慎|不懷|不懷好意|不穩|不穩固|不穩定|不識|不識字|不贊同|不贊成|不關|不關心|不關緊要之事|不願|不願支持|不願透露|不願意|不嚴密|不覺|不懼|不續聘|不顧|不顧一切地|不顧事實|不顧後果|不歡而散|不歡迎|不聽話|不顯著|不體面|不羈|不讓|中、輕殘|中止談判|中邪|中指|中毒|中挫|中傷|中傷性|中傷者|中飽私囊|中箭|中箭落馬|中斷|之仇|之恨|之苦|之恥|之深|之嫌|互不|互不相讓|互斥|互吵|互相傷害|互責過失|互撞|互毆|互罵|五味雜陳|什麼世界|什麼東西|什麼態度|什麼德性|仇外|仇外情節|仇佛蔑僧|仇恨|仇視|仇敵|仍不|仍不一致|仍不滿意|仍未|仍未結案|仍有困難|仍有歧見|仍有爭議|仍有缺失|仍沒有|仍無|仍嫌|元凶|元氣大傷|元氣大損|內疚|內阻|內侵|內訌|內鬥|內鬥內行外鬥|內情|內部分歧|內部問題|內部緊張|內鬨|內鬨鬧劇|六神無主|六親不認|公然反對|公然挑釁|公開懲誡|公憤|冗長|冗長乏味|冗長繁複|冗語|冗餘|冗雜|凶什麼|凶手|凶兆|凶多吉少|凶事|凶悍|凶殺|凶猛|凶殘|凶險|分化|分心|分心的事物|分手|分立|分身乏術|分歧|分歧點|分泌毒液|分青紅皂白|分崩|分崩離析|分割|分散|分散延伸|分裂|分裂局面|分隔|分離|分贓|切勿|切除|切莫|切斷|勾引|勾引到|勾結|勾搭|勾當|勿作|勿損|化石|化為一場悲劇|化為灰燼|化為烏有|化膿|升高緊張|厄運|厄難|反日|反正|反目|反目成仇|反托拉斯|反而|反作用|反攻|反沖|反其道|反其道而行|反制|反社會|反叛|反叛者|反美|反胃|反倒|反悔|反效果|反核|反核大遊行|反核廢|反動|反動分子|反動主義|反動主義者|反動派|反動傀儡|反常|反常現象|反控|反復|反復告訴|反復無常|反感|反話|反對..提案|反對他|反對立場|反對改革|反對者|反對聲浪|反彈|反衝|反諷|反應不及|反覆|反覆無常|反轉|反轉下跌|反壟斷|反證|反觀|天人永隔|天下大亂|天地之差|天倫破碎|天高皇帝遠|天殺|天翻地覆|天羅地網|天壤之別|太久|太大壓力|太可怕|太低|太低級|太苛|太差|太弱|太荒謬|太累|太短視|太費精力|太閒|太過|太過分|太過自信|太過昂貴|太過粗糙|太過殘酷|太過膚淺|太過激烈|太慢|太遲|太離譜|太壞|夭折|夭壽|少一點|少了|少了看頭|少之又少|少打|少年暴力|少有人|少於|少給|少惹|少惹我|少煩|少煩我|少數|巴掌|巴結|幻想|弔詭|引人非議|引人疑竇|引人擔心|引以為憂|引以為鑑|引咎|引起不舒服|引起死亡|引起東亞地區的不安|引起爭議|引起浪費和貪|引起疼痛|引起緊張|引起嘲笑|引起震驚|引起震驚的事件|引起爆炸|引退|引發迫害|引發風暴|引發暴亂|引爆|心力交疲|心下一驚|心不甘情不願|心中之痛|心生畏懼|心地不好|心如刀割|心存怨懟|心存疑慮|心有不甘|心有未甘|心有餘悸|心死|心灰意冷|心急|心急如焚|心狠手辣|心浮氣躁|心疼|心神不安|心神不定|心神不寧|心胸狹窄|心胸狹隘|心高氣傲|心情不好|心情不穩|心情浮動|心情惡劣|心理傷害|心理障礙|心眼壞|心軟|心寒|心智衰弱|心智喪失|心痛|心結|心虛|心慌|心煩|心煩意亂|心碎|心酸|心機|心機很重|心臟受不了|心驚|心驚肉跳|心驚害怕|心驚膽戰|心靈匱乏|戶斥|手下敗將|手刃|手足無措|手段兇殘|手背|手風欠順|手軟|手弒|手讓出|支付利息|支吾|文攻批判|文攻武嚇|文明病|文盲|文飾|斤斤計較|日本鬼子|日益險惡|日益嚴重|日漸不利|日漸冷卻|日漸淡薄|日趨惡化|日趨艱困|日錘山|木已成舟|木棍|欠打|欠佳|欠扁|欠缺|欠缺效率|欠揍|欠順|欠幹|欠罵|欠錢|止步|歹徒|歹戲拖棚|毋需撤離|比下去|比不上|比以前大|比較少|比較低|比較困難|比較委婉|比較慢|比較難|毛手毛腳|毛坑|毛病|毛病叢生|毛骨悚然|毛躁|水火不容|水妖|水性楊花|水性楊花的女人|水深火熱|水雷|火了|火大|火災|火併|火冒三丈|火爆|牙癢癢|牛皮吹破|牛步化|牛頭不對馬嘴|犬儒|犬儒主義|王八羔子|王八蛋|世仇|世代結仇|世故|世界末日|世界的末日|世儈|丕必|主要難題|主戰派|乏人|乏人問津|乏人關注|乏味|乏善|乏善可陳|以..為賭注|以牙還牙|以死抗議|以免|以免損害|以身試法|以呻吟聲說出|以怨|以怨報怨|以怨報德|以為不可|以砲相向|以退為進|以偏概全|以商逼政|以訛傳訛|以喧鬧聲擾|以債養債|以誘餌吸引|以貌取人|以餌引誘|付之一炬|付出代價|付出極大的代|付出慘痛代價|付得更多|付諸東流|他奶奶|他馬|他媽|他媽媽|仗著|代溝|代罪羔羊|代誌大條|代價|令人不安|令人不堪|令人不愉快|令人不解|令人不滿意|令人心痛|令人失望|令人失望的人|令人生畏|令人吃驚|令人作嘔|令人扼腕|令人沮喪|令人恐懼|令人討厭|令人討厭的人|令人討厭的事物|令人窒息|令人窒息的濃煙|令人喪膽|令人悲痛|令人無法忍受|令人傷心|令人意外的低|令人煩惱|令人煩憂|令人詬病|令人厭惡|令人疑慮|令人憤慨|令人髮指|令人擔心|令人擔憂|令人頭痛|令人頭痛之事|令人懷疑|令人難過|令退役|充公|充斥|充耳不聞|充血|充其量|充滿危險|充滿敵意|凹下|凹痕|凹陷|凹種|出了毛病|出了問題|出入|出亡|出毛病|出乎|出乎意料地|出局|出沒|出沒於|出走|出事|出狀況|出軌|出拳打|出氣|出氣筒|出問題|出現問題|出爾反爾|出盡|出賣|出賣了|出賣身體|出賣靈肉|出錯|出糗|加油添醋|加負荷於|加負擔於|加重課稅|加重壓於|加害|加害人|加害者|加罪|加罪於|加障礙於|加劇|功利|功利主義|功利主義者|功利論者|功敗垂成|功虧一簣|包庇|包圍|匆匆忙忙|匆匆結婚|匆忙地走|匆忙地做|匆忙嚥下|半死|半途收兵|半途而廢|半毀|卡在|卡掉|占去|占用|占據|去世|去去去|去死|去死吧|去死啦|去你|去你媽|去掉|去搞|可行性等於沒有|可作兩種解釋|可怖|可怕|可怕的人|可怕的事|可怕的事物|可爭論|可恨|可是|可容忍|可恥|可恥的人|可恥計謀|可笑|可能性低|可能結束|可惜|可惜挨轟|可惡|可悲|可厭|可厭惡|可嘆|可疑|可疑之處|可疑分子|可鄙|可憐|可憐的人|可憎|可憎可惡|可歎|可議|可議心態|古老|古怪|古怪的人|古板|古為今用|司空見慣|司馬昭之心，路人皆知|司馬昭之心路人皆知|叫化子|叫吠|叫屁|叫屈|叫苦|叫停|叫喊|叫喊著說|叫喊聲|叫罵|叫嚷|叫囂|只好|只見其亂|只知|只是表面工夫|只調查|叱責|台幣貶值|台獨|台灣之恥|台灣政治的索|句點|四分五裂|四處覓食|四散|囚犯|囚禁|外力干擾|外交孤立|外交對抗|外行|外來|外流|外洩|外鬥|外債|外傷|外傷用|外遇|失一分|失之毫釐|失之嚴苛|失分|失手|失手自殺|失去|失去..|失去了|失去了意義|失去母獸|失去母獸的小動物|失去生命|失去光澤|失去法律保護|失去知覺|失去勇氣|失去能力|失去意義|失去感覺|失去聯絡|失去競爭力|失去競爭力失業|失守|失色|失血|失利|失序|失志|失足|失身|失事|失事墜海|失和|失明|失盲|失信|失信於|失信於民|失卻|失約|失原意|失效|失眠|失神|失笑|失能|失密|失常|失控|失控地|失措|失掉|失敗|失敗者|失望|失速|失速墜地|失散|失散多年|失焦|失策|失意|失業|失業人數|失業者|失業率|失業率上升|失業率升高|失當|失落|失過手|失察|失態|失算|失誤|失誤太多|失誤多|失誤連連|失誤過多|失誤漸多|失誤頻頻|失魂落魄|失調|失據|失衡|失檢|失禮|失職|失蹤|失寵|失戀|失竊|失靈|失怙|奴役|奴性|奴隸|巨大衝擊|巨大壓力|巨物|巨瀾|巧取|左右為難|市場壟斷|平凡|平白放棄|平庸|幼稚|幼稚無知|幼齒|必死|必死無疑|必須改善|必須等待|必須賠償|必輸|打..的屁股|打一打|打了折扣|打人|打人喊救人|打入地獄|打入冷宮|打不出|打不進|打太太|打仗|打出|打包|打死|打耳光|打屁股|打折扣|打抱不平|打哈欠|打架鬧事|打倒|打消|打退堂鼓|打高空|打偏|打得太差|打情罵俏|打掉|打混|打著哈欠說|打亂|打碎|打群架|打道回府|打滾|打罵|打賭|打錯算盤|打擊|打鼾|打擾|打斷|打爛|打顫|打攪|扒出|斥之|斥責|斥罵|本末倒置|未了|未下定義|未上班者|未中|未予|未公布|未及時|未反映|未以|未付給|未出席|未出現|未出場|未加|未加入|未加抑制|未包括|未平|未平衡|未必|未必划算|未必能|未必就是|未打入|未打完|未再|未列|未列入|未向|未在|未如|未成|未成功|未成年|未成熟|未有|未有人報告|未有共識|未至|未克返|未克竟全功|未免|未妥善|未完|未完全|未完全發展|未完全落實|未完成|未完成體|未投票|未改善|未改變|未攻下|未決|未決定|未見|未見到|未見突出|未見效|未見起色|未享受|未依|未依約|未依照|未具備|未到|未取得|未受制止|未定|未定界|未定論|未征服|未承諾|未明定|未明訂|未果|未注意|未知|未知的東西|未知數|未建立|未建議|未持續|未指明|未派人|未若|未要求|未展開|未拿出|未料|未料到|未能|未能比擬|未能如願|未能取得|未能得逞|未能涵蓋|未能掌握|未能達到|未能影響|未能衛冕|未能辨認|未能獲得|未能證實|未做|未參與|未堅持|未將|未得|未得分|未得到|未得獎|未悉|未接受|未接獲|未採取|未採信|未採納|未清|未理會|未符合|未被|未被北韓同意|未被接受|未被通知|未被證明為正當|未設防|未透露|未就此停歇|未掌握|未提|未提到|未曾|未曾做到|未減輕|未發表|未發覺|未答應|未給付|未善盡|未翔實交代|未進|未進行|未開化|未開始|未感受|未歇|未經|未經訓練|未經通知|未經澄清|未經檢查|未落實|未落實監督|未解|未解決|未解散|未詳細說明|未遂|未達|未達成|未達成協議|未達到|未過關|未劃歸|未奪取|未對|未與|未蒙其利先受其害|未認真檢討|未說明|未審議完成|未確定|未緩和|未談到|未適時|未適時獲告知|未積極|未臻|未臻成熟|未遵守|未優於|未擊中|未檢討|未獲|未獲具體結論|未獲致|未獲得|未獲情報|未邀請|未曝光|未簽署|未繼續|未觸及|未露面|未讓|末日|末日審判|正式放棄|正式脫離或退出|正步上軌道|母夜叉|民怨|永久污染|永訣|永無寧日|永遠的痛|永遠消失|永遠都不要看到你|永遠無法|氾濫|氾濫成災|氾濫成禍|犯了大錯|犯了罪|犯了錯|犯人|犯下|犯下謬誤|犯不著|犯台|犯台企圖|犯台決心|犯台的企圖|犯有前科|犯法|犯重案|犯案|犯殺人罪|犯規|犯愁|犯罪者|犯罪惡化|犯罪感|犯罪暴力|犯過失|犯過錯|犯賤|犯錯|玉石俱焚|瓜分|瓜田李下|瓜田李下之嫌|甘你屁事|生了病|生不逢辰|生怕|生恨|生活失序|生活放蕩|生活放蕩的人|生活奢靡|生活艱苦|生洽序|生畏|生恐|生氣|生氣摔桿|生病|生理傷害|生產過剩|生疏|生硬|生裂縫|生厭|生態|生態破壞|生疑|生鏽|生懼|生變|用力不當|用力按|用力過猛|用力擊|用不著|用手掌打|用皮帶抽打|用矛刺|用尖銳|用尖銳的聲音說|用沸水燙|用拳猛擊|用臭氣趕出|用帶捆住|用欺騙致使|用碎紙機撕毀|用話刺痛|用詭計取得|用槍射擊|用盡|用嘶啞|用嘶啞的聲音說|用憤怒|用憤怒的目光表示|用樹籬圍|用濫|用舊|甩了|甩不甩|甩不掉|甩得|甩得一乾二淨|甩掉|甩都不甩|甩都甩不掉|甩開|由不得|由他去|由愛生恨|申斥|申明|申訴|申誡|白日夢|白白|白目|白吃|白老鼠|白受氣|白做|白費|白搞|白痴|白癡|白癡般|白爛|皮條客|皮開肉綻|目中無人|目光狹隘|目光短淺|矛盾|矛盾情|矛頭|矛頭鎖定|矢口|矢口否認|石頭|示威|示威抗議|示威警告|示弱|示警|立即取消|丟人現眼|丟失|丟掉|丟棄|丟臉|丟臉的人|丟臉的事|丟醜|丟醜的人|交代不清|交白卷|交疲|交惡|交惡運|交媾|交戰|交戰國|交還|亦非|亦難|仿冒|仿冒品|仿造|仿造品|仿製|仿製品|休止|休兵|伏兵|任其魚肉|任性|任性的舉動|任意非為|仰天長嘆|企業倒閉率|光火|光怪陸離|兇巴巴|兇手|兇狠|兇殺|兇猛|兇惡|兇殘|兇殘地|兇暴|先斬後奏|先盛後衰|全民公敵|全軍覆沒|全面失敗|全面瓦解|全面杯葛|全面禁止|全球笑柄|全部罹難|全無|全然未提|全盤否定|全盤皆輸|全盤毀棄|共犯|再也無法|再犯|再犯罪|再生枝節|再生波瀾|再次失守|再次威脅|再見暴傳|再度緊張|再差|再敗給|再難|冰凍|刑事|刑事被告|刑案|刑罰|劣根|劣根性|劣馬|劣等|劣勢|劣跡|劣質|劣學生|危及|危地|危在旦夕|危困|危急|危害|危害物|危害健康|危害道德|危境|危機|危機四伏|危機打擊|危機來臨|危機感染|危險之源|危險性高|危險物|危險狀態|危險動作|危險期|危險遊戲|同仇敵愾|同命鴛鴦|同性戀者|同感憤慨|同蒙其羞|同謀|同歸於盡|吊車尾|吊兒郎當|吊兒郎當的人|吐一口痰|吐痰|各行其是|各持己見|各異|各蒿話|各說各話|向..挑戰|向..開槍|向下修正壓力|向下調整|名聲臭|吃了一驚|吃力|吃大虧|吃不了苦|吃不下|吃不好|吃同類|吃同類的動物|吃屎|吃重|吃得過飽|吃掉|吃敗仗|吃飽太閒|吃飽閒閒|吃飽撐著|吃緊|吃虧|吃癟|吃驚|因疏漏所致|因循|因循之風|因魂不散|因難|回軟|回絕|回貶|回跌|回頭路|回擊|回避|地牢|地雷|地獄|地震|在..下挖掘|在..上蔓生|在..中加入脂肪|在..埋地雷|在..留下疤痕|在..搜尋|在那邊混|多些失誤|多刺|多風暴|多陰雨|多疑|多餘|多餘物|多頭格局|妄加猜測|妄求|妄為|妄動|妄顧|妄顧事實|奸男女|奸偽|奸情|奸詐|好不|好不應該|好死不死|好自為之|好色|好事的人|好爭論|好恨|好挖苦人|好鬥|好假|好責罵|好責罵的人|好逸惡勞|好嘔|好嘮叨|好嘮叨的人|好戰|好戰者|好屌|如此|如死一般|如死一般地|如敝屣|如野獸般|如臨大敵|如獸|存心|存在很多困難|存有偏見|存有疑慮|存偏見|存疑|守口如瓶|守財奴|安慰安慰|安靜下來|尖叫|尖叫著說|尖叫聲|尖刻|尖著|尖著聲音講|尖酸|尖嘯|尖聲|尖聲喊叫|尖聲發出|年少輕狂|式微|忙不過來|忙亂|成了各國的箭|成功率也很低|成見|成空|成長緩慢|成長遲緩|成為空|成為零|成為障礙|成效不彰|成問題|成碎片|成零|成廢物|成箭靶|扣住|扣押|扣抵|扣留|扣除掉|扣掉|托辭|收入低|收押|收買|收賄案|早一步溜走|曲折|曲解|有..傾向|有口無心|有什麼了不起|有仇|有反感|有出入|有出息|有可議|有失|有失公允|有失公道|有失立場|有矛盾情緒|有危險|有好有壞|有如一個醫生|有成見|有何作用|有困難|有屁用|有些吃驚|有些起伏|有所困難|有所限|有所影響|有所懷疑|有歧見|有爭議|有待加強|有待努力|有待改進|有染|有毒|有毒腺|有限|有限度|有風險|有個屁用|有害|有害的動物|有害的植物|有差別|有差別地對待|有差異|有悖|有悖倫常|有氣|有特權|有病|有缺陷|有缺點|有問題|有夠累|有夠蠢|有得瞧|有條件投降|有異|有疏失|有疏失之處|有惡意|有嫌疑|有愧|有愧職守|有損|有瑕疵|有罪|有落差|有詭計|有違|有過失|有疑慮|有種|有誤|有錯|有虧|有點火|有點兒|有點保守|有點差距|有點累|有點離譜|有礙|有礙觀瞻|有顧忌|有顧慮|有癮|有癮的人|有啥|有啥了不起|次品|次級|死了|死了算了|死人|死三八|死亡|死亡之神|死亡狀態|死亡率高|死小鬼|死不|死不認帳|死不瞑目|死心|死去|死皮賴臉|死光|死光光|死刑|死老太婆|死老百姓|死老頭|死色呸|死命|死定了|死於非命|死東西|死板|死狗|死肥豬|死後|死活|死玻璃|死胖女|死胖子|死胡同|死胎|死要面子|死氣|死氣沈沈|死臭酸|死蚊子|死記|死記硬背功課|死鬼|死寂|死得|死得很難看|死得難看|死掉|死魚|死魚臉|死傢伙|死期|死黑店|死傷|死傷慘重|死愛|死愛面子|死愛滋|死腦筋|死裡逃生|死德性|死敵|死樣子|死豬頭|死澳門仔|死貓|死賴|死薪水|死蟑螂|死難|死纏|死纏活纏|死囡仔|死屌|汗如雨下|汙及|汙名|汙名化|汙染|汙損|汙點|汙衊|池魚之殃|污物|污垢|污染|污辱|污跡|污漬|污蔑|污濁|污點|污穢|污衊|灰心|灰頭土臉|百思不解|老二|老大|老子|老不休|老化|老生常談|老奸巨猾|老年|老死|老到|老油條|老是|老娘|老弱|老氣橫秋|老馬|老處女|老猴|老態龍鍾|老糊塗|老糊塗了|老調重彈|老謀深算|老舊|考倒|考倒學生為樂|而已|而不是|而不答|而未|而非|肉麻|肉腳|自大|自以為了不起|自以為是|自以為恥|自以為清高|自甘墮落|自由心證|自任|自任不凡|自危|自作|自作主張|自作多情|自作聰明|自吹|自吹自擂|自吹自擂說|自我|自我中心|自我本位|自我設限|自我罷黜|自我膨脹|自找麻煩|自投羅網|自求多福|自私|自私到極點|自身難保|自卑|自卑情緒|自卑感|自命|自命為|自命清高|自封|自怨|自怨自艾|自相矛盾|自相殘殺|自虐|自負|自負的地方|自食惡果|自動下台|自動消音|自掃門前雪|自棄|自殺|自殺死亡|自責|自閉|自欺|自欺欺人|自欺欺人口舌|自愚愚人|自毀|自毀長城|自毀聲名|自誇說|自慚形穢|自盡|自慰|自憐|自暴自棄|自縛|自擾|自顧不暇|自詡為|舌頭斷掉|色狼|色情|色情書刊|色情陷阱|色望易|色望業|色欲|色厲內荏|血刃|血本無歸|血汗|血氣方剛|血海怨尤|血海深仇|血淋淋|血淋淋地|血淚教訓|血淚斑斑|血腥|血跡斑斑|行不通|行凶|行方不明|行方不明地|行兇|行使武力|行刺|行政疏失|行為不良|行為不良的人|行為不端|行為不檢|行為不禮貌|行為偏差|行賄買票|行賂|行難|行騙|行竊|住監獄|何必|何在|何妨|何來|何來立場|何其多|何況|何苦|何苦來哉|何嘗|佔便宜|佔著|佔著毛坑不拉屎|但非|但卻只是|但若認為|作犯規動作|作奸犯科|作低沈聲|作弄|作秀|作怪|作祟|作偽証|作偽證|作假|作崇|作掉|作梗|作票|作賊|作賊喊捉賊|作嘔|作夢|作對|作弊|作廢|作樂|作罷|作戰|作繭自縛|作孽|作驚人表演|你以為自己|你以為你是誰|你他媽|你去死|你死我活|你完了|你來我往|你是怎樣|你是怎樣啊|你就完了|你媽|你管我|低下|低水平|低水準|低劣|低成就|低自尊|低估|低吼|低沈|低沉|低於|低於他人者|低姿態|低哼|低哦|低弱|低級|低級庸俗|低迷|低迷不振|低等|低階|低微|低經濟成長|低落|低層次|低潮|低聲|低聲下氣|低聲地|低聲含糊|低聲含糊地說|佈殺陣|佈置地雷或水雷|免談|免職|兵敗|兵敗如山倒|冷冰冰|冷汗|冷血|冷冷|冷門|冷峻|冷笑|冷淡|冷眼|冷眼旁觀|冷然|冷暖在心頭|冷落|冷漠|冷酷|冷酷地|冷嘲|冷嘲熱諷|冷戰|冷戰對立|冷靜下來|別小看|別來惹我|別來煩我|別談|別鬧|別離|判刑|判若兩|判若兩人|判若雲泥|利己|利己主義|利用人|利用別人|利用我們|利益輸送|利誘|刪去|刪除|刪掉|刪減|劫掠|劫貧濟富|劫機|即將失衡|吝惜|吝嗇|吝嗇鬼|吞下|吞吃|否決|否決權|否定|否則|否認|否認了|呆子|呆呆|呆板|呆帳|呆笨|呆滯|呈現偏差|告別|告到公堂|告急|告密|告密者|告終|告發|告訴錯誤|告訴錯誤的消息|告誠|告誡|告罄|吹牛|吹牛皮|吹噓說|吸毒|吸毒又偷竊|吸毒者|吸毒問題|吵一架|吵人|吵死|吵別人|吵吵鬧鬧|吵吵鬧鬧的要求|吵到|吵的像什麼鬼一樣|吵架|吵起來|吵嘴|吵鬧|吵鬧聲|吵翻天|吶喊|吠盡|吼叫|吼叫著表達|吼道|含有特定意味|含沙射影|含恨|含恨在心|含混|含糊|含糊地說|含糊地說話|含糊話|困乏|困在|困守|困死|困住|困局|困於|困惑|困窘|困頓|困境|困窮|困擾|困擾不已|困擾不安|困獸之鬥|困獸鬥|困難|困難度|困難度增高|困難重重|均未|均屬空談|坐以待斃|坐立不安|坐冷板凳|坐臥不安|夾殺|夾痛|妒忌|妒恨|妨害|妨害司法|妨害物|妨礙|妨礙司法|妨礙者|妖魔化|妓女|完了|完全不可|完全瓦解|完全沒|完全沒有|完全忽略|完全排除|完全喪失|完全喪失者|完全無關|完全禁止|完全違反|完蛋|局促|局促不安|局限|局限於狹小空間|屁用|屁事|屁啦|屁眼|屁話|岐見|岔子|岌岌可危|巫婆|巫術|希望採部分開放措施|弄不清楚|弄凹|弄巧成拙|弄死|弄污|弄歪|弄混|弄跛|弄亂|弄碎|弄皺|弄複雜|弄錯|弄糟|弄翻|弄壞|弄髒|形同廢紙|形成重壓|形容枯槁|形單力薄|形象受損|形象盡失|忘了|忘恩|忘恩負義|忘記|忌妒|忌憚|忌諱|忍下來|忍心|忍受不了|忍耐力低|忍氣吞聲|快枯竭|快滾|戒備|戒備森嚴|戒慎小心|戒嚴|戒懼|我好恨|我行我素|我咧|我咧看|我恨你|我靠|我操|我操你媽|抄你爸|抗戰|抗議|抗議行動|抗議者|抗辯|抗變|抖顫|技不如人|扭打|扭曲|扭曲史實|扭曲事實|扭曲誇大|扭曲醜化|扭曲證據|扭歪|扭捏作態|扭鬥|扭傷|把..分隔開|把..孤注一擲|把..烤焦|把..強加於|把..割下|把..悶死|把..燒焦|把..嚇出來|把..嚇跑|把..歸咎於|把工作搞糟|把妳打死|把關在欄內|扼死|扼制|扼殺|扼腕|找不到|找麻煩|找誰幹啊|找機會|找錯|找藉口|找碴|批判|批臭|批鬥|批發|批評|批評別人|批評者|批評為|批評家|批駁|扯出|扯破|扯破的洞|扯進醜聞|扯碎|扯懶蛋|折扣|折損|折衝|折磨|折翼|折斷|折騰|投入深淵|投下重大變數|投書|投訴|投資環境惡化|投彈|投彈於|投敵|投機|投機行為|投機性|投機炒作|投機炒作者|投機客|抓住|抓來|抓來打一打|抓取|抓得之物|抓傷|抓錯|抑止|抑低|抑制|抑鬱|改口辯稱|改掉|改變不了|改變成|改變改變|攻打|攻訐抹黑|攻擊性|攻擊者|更大的困難|更不用提|更不妥協地|更內向|更加惡化|更加複雜|更正|更低|更別說|更沒有|更為不智|更惡劣|更惡劣地|更惡劣的事|更亂|更嘔|更賤|更糟|更糟的是|更糟糕|更趨式微|更壞|更壞地|更壞的事|更難|更嚴重|更嚴重的威脅|束手|束手束腳|束手無策|束縛|束縛物|杞人憂天|步入歧途|步上|求助無門|求情|求解|沈下|沈下臉|沈沈|沈沈不樂|沈重|沈重地走|沈重的步伐|沈重的責任|沈重的腳步聲|沈重緩慢|沈重緩慢地走|沈浸|沈迷|沈寂|沈悶|沈痛|沈默|沈默不語|沈默以對|沈鬱|沉重|沉迷|沉寂|沉淪|沉陷|沉悶|沉溺|沉默|沉鬱|決不允許|決不會|決策層僵化|沖打|沖蝕|沒了|沒人|沒人性|沒人要買|沒人想到|沒大沒小|沒才華|沒什麼|沒什麼水準|沒天理|沒手|沒手沒腳|沒水準|沒出息|沒去|沒去理會|沒用|沒用的傢伙|沒再向|沒在|沒好氣|沒收|沒收物|沒有|沒有人|沒有人相信|沒有反省|沒有方法|沒有出面|沒有出路|沒有必要|沒有打算|沒有本錢|沒有民主|沒有用|沒有目標|沒有共識|沒有考慮|沒有自信|沒有把握|沒有改善|沒有足夠|沒有防備|沒有信心|沒有保留|沒有時間|沒有根據|沒有笑容|沒有能力|沒有堅持|沒有理由|沒有規則|沒有通過|沒有透露|沒有提及|沒有發現|沒有給錢|沒有進展|沒有開成|沒有意思|沒有經驗|沒有誠信|沒有誠意|沒有資格|沒有跡象|沒有預期到|沒有實質效益|沒有締造|沒有機會|沒有積極|沒有辦法|沒有闔眼|沒有證據|沒有競爭力|沒有顧忌|沒有觀察到|沒完沒了|沒屁眼|沒希望|沒把握|沒沒無聞|沒那麼|沒事做|沒來由|沒到|沒受|沒受教育|沒注意到|沒法|沒法子|沒法子贏|沒法兒|沒信心|沒勁|沒品|沒品德|沒建立|沒為|沒看到|沒看過|沒面子|沒風度|沒效|沒料到|沒能|沒能力|沒能力做|沒做到|沒動逃|沒參加|沒參賽|沒帶給|沒得|沒得說|沒救|沒救了|沒教養|沒規矩|沒結果|沒進步|沒意思|沒意義|沒想|沒想到|沒腳|沒腦袋|沒落|沒資格|沒道理|沒達到|沒盡到|沒睡好|沒種|沒精|沒精打采|沒精打彩|沒說實話|沒輒|沒衛生|沒談妥|沒機會|沒辦法|沒錢|沒離成|沒覺察到|沒贏過|沒贏過球|沒轟出|沒聽過|沒讓|汽車扣押場|灼枯|灼痛|灼痛感|灼傷|災害|災禍|災難|災難性|牢不可破|牢騷|狂妄|狂奔|狂放|狂怒|狂怒的人|狂洩|狂風|狂風大浪|狂跌|狂亂|狂亂地說|狂傲|狂暴|狂暴地|狂熱地|狂熱者|狂罵|狂飆期|男盜女娼|私心|私生|私自|私通|私運|私黨|秀一場戲|秀逗|禿頭|肘掖生變|肚量小|肚爛|良心不安|良心被狗吃|良莠不齊|見不得人|見死不救|見血封喉|見鬼|角力競|言不及義|言之過早|言行矛盾|言詞閃爍|谷底|貝戈戈|貝戈哥|貝哥哥|赤字|赤字擴大|赤貧|赤貧者|赤裸裸|走人|走入歧途|走下坡|走上歧路|走上絕路|走火入魔|走失|走失的家畜|走失動物認領欄|走回路|走低|走私|走狗|走後門|走後門關說|走降|走弱|走疲|走得慢|走軟|走散|走散的人|走著瞧|走貶|走開|走開啦|走漏|走緩|走錯了|走險|身亡|身分不明|身心創傷|身心煎熬|身受其害|身受菸害|身故|身敗名裂|身陷危境|身陷險境|身無分文|身體虐待|身體暴力|車禍|辛苦地|辛辣|辛酸|辛酸誰人知|迂回|迂回說法|迂迴|迂迴起伏|迅速下降|迄未|迄未見效|迄無|邪神|邪惡|那敢|那裡惹到你|那麼沒用|那麼幹|那麼爛|防守狀態|防杜|防治|防堵|防禦力很低|並不|並不代表|並不多|並不多見|並不局限於|並不希望|並不表示|並不急於|並不恰當|並不是|並不負責|並不重要|並不能|並不符合|並不會|並不像|並不滿足|並不輕鬆|並不樂於|並不樂意|並不適格|並不贊成|並未用|並未同意|並未成功|並未承諾|並未注意|並未消失|並未能|並未脫離|並未解決|並未盡力|並未確立|並未確實遵守|並未擁有|並未擴大|並未贏得|並沒有|並非|並非好事|並非事實|並非偶然|並無|並無共識|乖張|乖僻|事不關己|事後諸葛|事故|事倍功半|事態嚴重|事端|事與願違|亞於|佯裝|依賴心|依賴他人者|使..失去法律保護|使一團糟|使一蹶不振|使人上癮|使人不高興|使人不愉快|使人反感|使人生氣|使人產生不愉快|使人產生不愉快的感覺|使人痛苦|使人厭惡|使人厭煩|使下垂|使上癮|使士氣低落|使大傷元氣|使不平|使不正常|使不合格|使不安|使不足|使不知所措|使不相宜|使不能|使不高興|使不舒服|使不適|使不關心|使中斷|使分心|使分裂|使分隔|使分離|使反感|使心智衰弱|使心慌|使充滿臭氣|使凹下|使凹陷|使加深|使失去|使失去光澤|使失去勇氣|使失去能力|使失去感覺|使失事|使失明|使失效|使失常|使失敗|使失望|使失調|使失寵|使瓦解|使生氣|使用武力|使用計謀|使丟臉|使休克|使存偏見|使成孤兒|使成殘廢|使成廢墟|使有危險|使有成見|使有缺陷|使污濁|使灰心|使行為不端|使作嘔|使含糊|使困惑|使困窘|使局促不安|使局限於狹小空間|使折斷|使更壞|使束手無策|使沈沒|使沈溺|使狂熱|使赤貧|使身心交疲|使受人輕視|使受危困|使受到傷害|使受毒氣影響|使受傷|使受電擊|使受嚴重損傷|使委屈|使孤立|使孤寂|使延期|使抽動|使放縱|使昏亂|使服從|使沾上泥汙|使沮喪|使泛濫|使空轉|使糾纏|使便宜|使咬字不清晰|使後退|使枯萎|使枯竭|使苦惱|使負重擔|使降級|使降級品格|使倒塌|使凌亂|使恐怖|使恐慌|使恐懼|使挫折|使挨餓|使氣餒|使消沈|使消散|使狼狽|使疾走|使病弱|使疲倦|使疲勞|使疼痛|使破產|使破裂|使破爛|使紊亂|使純|使茫然|使荒蕪|使衰竭|使討厭|使起糾紛|使起皺紋|使逆行|使迷惑|使退卻|使骨折|使乾枯|使停頓|使堵塞|使得災禍|使情況更糟糕|使混淆|使混亂|使淪為乞丐|使產生紋裂|使疏遠|使窒息|使粗糙|使羞愧|使脫軌|使處於不利|使處於不利地位|使蛀壞|使貧困|使貧窮|使透不過氣來|使陰暗|使陷入|使陷入困境|使陷危|使陷危地|使陷於|使麻木|使喪失|使惡化|使悲痛|使悲傷|使惱火|使惱怒|使散落|使減少|使焦慮|使無法動棋子|使無效|使無能為力|使無資格|使痛苦|使痙攣|使發出撞擊聲|使發狂|使發怒|使發愣|使發愁|使發燒|使短路|使稀薄|使窘迫不安|使費解|使跛|使跛行|使黑暗|使傾側|使傾覆|使傷殘|使感覺不滿|使暈眩|使極|使極度痛苦|使極度激動|使極苦悶|使極痛苦|使毀滅|使煩惱|使煩亂|使煩燥|使煩躁|使碎裂|使落入圈套|使落空|使載重|使道德敗壞|使過早硫化|使隔絕|使隔離|使厭倦|使厭惡|使厭煩|使對立|使對抗|使慘敗|使摔倒|使滲漏|使緊張|使腐朽|使腐敗|使腐蝕|使腐爛|使蒙受恥辱|使蒙羞|使僵持|使墮落|使憂傷|使憂鬱|使憤怒|使敵對|使暴露|使模糊|使潛入|使皺縮|使糊塗|使蓬亂|使複雜|使複雜化|使複雜的因素|使遭危險|使遭受|使遭受海難|使震動|使餓死|使激動|使磨損|使遲鈍|使錯綜|使頭暈眼花|使繃緊|使膽寒|使臨險境|使舉止失禮|使隱退|使擺脫|使斷念|使斷裂|使朦朧|使離婚|使離鄉背井|使爆炸|使難辦|使競爭|使纏結|使變空|使變得不愉快|使變得低劣|使變得無恥|使變陳腐|使變黑|使變暗|使變暗淡|使變酸|使變模糊|使變醜|使驚呆|使驚恐|使驚訝|使驚愕|使驚惶失措|使驚慌|使驚懼|使噁心|供給..過強|供給..過強的力量|供認|例外|來不及|來犯|來得太遲|來得少|來得低|來遲了些|來襲|兒虐|兒虐事件|兒虐問題|兒童受虐|兒戲|兩岸兌出可觀|兩敗俱傷|兩錯|兩難|具侵略性|具退卻效用|具國際競爭力|其反|刻板|刻板印象|刻意漂白|刻薄|刺入|刺死|刺耳|刺耳聲|刺客|刺針|刺骨|刺探|刺眼|刺眼的強光|刺棒|刺痛|刺痛人|刺傷|刺激物|刮出刺耳聲|刮走|刮風下雨|刮掉|刮落|制止|制止物|制伏|制式|卒仔|卒仔臉|卑下|卑劣|卑屈|卑微|卑鄙|卑鄙小人|卑鄙地|卑鄙的人|卑賤|卸責|卸責之詞|取下|取消|取笑|受不了|受有損害|受汙染|受困|受抑止|受攻擊|受災|受災戶|受到反對|受到打擊|受到折磨|受到拖累|受到阻滯|受到威脅|受到虐待|受到限制|受到貶損|受到影響|受到衝擊|受到懷疑|受制|受制於|受阻|受阻止|受苦|受虐|受虐兒|受虐兒童|受虐待|受虐致死|受虐案例|受虐婦|受迫|受重創|受限|受害|受害人|受害者|受害國|受害婦女|受挫|受挫折|受氣|受夠|受夠了|受責罰|受責難|受創|受創傷|受悶|受痛苦|受詛咒|受傷|受傷害|受感情驅使|受損|受損失|受損害|受損變形|受毀|受賄案|受賄黑洞|受賄醜聞|受過|受盡|受罰|受腐蝕|受影響|受暴|受衝擊|受難|受難者|受騙|受騙者|受譴責|受驚|受驚嚇|呵欠|咕噥|咕噥著說|呻吟|咄咄逼人|咄咄逼問|咒死|咒罵|咆哮|咆哮得使|咆哮著說|呼嘯|呼聲|和稀泥|和解性|命中剋星|命中率不是很高|命中率不高|命中率極低|命運注定|咎由自取|固執|固執己見|固票|垃圾|垃圾場|夜盜|奉承|奇怪|奇怪的是|奈何|奄奄一息|委屈|姑息|始作俑者|始作蛹者|始料未及|始終未將|始終沒有|妳她媽|孤立|孤行|孤兒|孤軍奮戰|孤島|孤寂|孤單|孤絕|孤僻|孤獨|孤獨的人|孤獨感|定位不清|定罪|官司纏身|官逼民反|官僚腐敗|尚不|尚未|尚未加入|尚未召開|尚未立法通過|尚未同意|尚未成熟|尚未有|尚未完成|尚未建立|尚未能|尚未排除|尚未準備好|尚未確定|尚未證實|尚武|尚無|尚無人|尚難|尚難拿|屈服於|屈指可數|屈辱|屈辱感|居末|居於下風|延長太久|延阻|延後|延誤|延緩|延遲|延擱|延宕|往往使矛盾激|往後倒退|忽略|忽略了|忽視|忽視了|忿怒|忿恨|忿恨不平|怵目驚心|怪人|怪力亂神|怪我|怪怪|怪物|怪胎|怪異|怪異的東西|怪異風格|怪罪|怪誕|怪誕的行動|怪誕的事物|怪誕的圖樣|怕生|怕死|怕的是|怕得罪|性犯罪|性交易|性侵犯|性侵害|性急|性情大變|性戲謔|性醜聞|性騷擾|戕害|所犯罪責|所受苦難|所知不多|所苦|所嫁非人|所騙|承受不住|承受雙重負擔|拉下|拉出來|拉回|拉屎|拉起警報|拉傷|拉緊|拉鋸|拉擠|抹去|抹掉|抹殺|抹黑|抹黑中傷|抹黑他|抹黑活動|抹滅|抹滅事實|抹煞|拒不|拒不交代|拒付|拒斥|拒我於千里之外|拒改|拒見|拒受|拒訪|拒發|拒絕|拒絕..|拒絕..的要求|拒絕承兌|拒絕承認|拒絕接受|拒絕透露|拒絕給予|拒絕說明|拒給|拒買|拒搭|拒簽|招非議|招架不住|招致|招致毀滅|招搖撞騙|拋下|拋到腦後|拋空|拋棄|抨評|抨擊|抽打|抽筋|抽噎地哭|抽搐|押往|押往監獄|押錯寶|拙劣|拍打|拍拍屁股找不著人|拍拍屁股走人|拍桌大罵|拍馬屁|拍掉|拍落|拍擊|拍擊..使之前進|抵充|抵死反對|抵制|抵押|抵消|抵擋|抵擋不住|抵賴|抵觸|抵觸法規|拚不上|抱怨|抱怨地說|抱怨連連|抱蛋而歸|拘束|拘泥|拘留|拘留所|拘留處|拘禁|拘謹|拖上|拖欠|拖延|拖垮|拖得|拖得太久|拖累|拖著|拖著行進|拖著腳走|拖過|拖緊|拖沓|拖沓地進行|拗客|拆斥|拆除|拆掉|拆散|拆毀|拆橋|抬不起頭|拎背|放一個屁|放下|放不下心|放不開|放低|放屁|放狗|放狗咬我啊|放射|放砲|放棄權利|放逐|放肆|放慢|放蕩|放縱了|放聲哀哭|於己不利|於不顧|易主|易生氣|易受|易受..影響|易受騙|易怒|易被瞞|易損壞|易煩惱|易碎|易瞞|易壞|易爆發|易變|昂貴|昂貴地|明令禁止|明目張膽|明知故犯|明顯衰退|昏了頭|昏昏欲睡|昏倒|昏迷|昏厥|昏亂|昏暗|昏暈|服刑|服麻醉品|東洋鬼子|東罵西罵|杯弓蛇影|板著臉孔|板臉|枉然|武力|武力犯台|武裝|武裝部隊|武裝衝突|武器擴散|武斷|歧見|歧見仍深|歧異|歧途|歧視|歧路|泥汙|泥坑|泥沼化|泥菩薩過河|泥濘|泥鰍功|沾汙|沾染|波折|波動較大|法令漏洞|法西斯主義者|法西斯黨員|法律制裁|油膩|沮喪|治標|泡影|泛濫|泠汗直流|炒了魷魚|炒地皮|炒作派|炒作家|爭不過|爭功諉過|爭吵|爭吵的原因|爭事|爭氣點|爭鬥者|爭執|爭執不休|爭執激烈|爭端|爭錢|爭議|爭議性|爭議侵略|爭辯|爭霸對抗|爭權|物欲高張|物質崇拜|狀告|狙殺|狙擊|狗屁不通|狗男女|狗眼|狗眼看人低|狗嘴|狗嘴吐不出象牙|狗雜碎|狐假虎威|狐群狗黨|玩人家|玩世不恭|玩完|玩弄|玩弄權謀|玩忽|玩忽行為|玩法弄法|玩笑|玩得過火|疝氣|疙瘩|的確具有威脅|盲目|盲信|盲點|直斥|直冒冷汗|直接拒絕|直接衝擊|直撞|知識不足|社會不安|社會問題|社會邊緣人物|空手而回|空手而返|空手而歸|空穴來風|空有|空洞|空洞化|空窗|空虛|空想|空想家|空腹|空話|空頭格局|空轉|空難|空難失事|空響砲|糾紛|糾葛|糾彈|糾纏|糾纏不休|糾纏不清|罔視|罔顧|肥肉|肥胖|肢體暴力|股市狂跌|芭樂問題|花花世界|花容失色|花痴|花邊醜聞|初生之犢|表示抗議|表示忿恨|表示極大的憂心|表示輕蔑|表示鄙視|表示謝絕|表示謝絕的短柬|表面上|表面工夫|表面性的事物|表面粗糙|表現平平|表現過差|表裡不一|表達不滿|軋軋|軋軋地作響|迎面攻來|近視|近憂|金玉其外敗絮其中|金融危機|金融災害|金融波動|金融風暴|金錢交易|金錢遊戲|金權勾結|長的醜|長的醜並不是你的錯|長肥|長痔瘡|長期不和|長期折磨|長期爭鬥|長期動盪之源|門外漢|門檻|阿諛|阿諛示好|阻力|阻力橫生|阻止工會發展|阻逆|阻絕|阻塞|阻隔|阻滯|阻撓|阻撓到底|阻擋|阻嚇|阻擾|阻斷|阻礙|阻礙..的發育|阻礙物|阻礙重重|阻礙著|阻攔|附庸|附會|雨打|青少年問題|非可|非正式|非份|非同小可|非自願|非但|非但不能|非事實|非法|非法活動|非法陰謀|非要|非真心相對|非真正|非健全|非問題核心|非婚生子|非婚生子女|非常不滿|非常反對|非常少見|非常失望|非常生氣|非常危險|非常有限|非常低|非常困難|非常恐怖|非常緊張|非常憤怒|非常擔心|非常難打|非常嚴重|非常饑餓|非理性|非理性的傳染|非戰之罪|非難的理由|非議|非屬|信心出現動搖|信心喪失|信用緊縮|侵入者|侵入校園|侵占|侵犯|侵犯人身|侵佔|侵佔罪|侵吞|侵害|侵害了|侵略|侵略性|侵略者|侵略國|侵略罪行|侵略戰爭|侵奪|侵蝕|侵擾|侵權|侵襲|保守|保持疑心|保養欠佳|保護主義壓力|俘虜|俗辣|俗麗|侮辱|侮辱行為|侮慢|侷促|侷限|侷限於|冒..的危險|冒火|冒充|冒充者|冒失|冒失女孩|冒犯|冒冷汗|冒昧|冒牌|冒牌貨|冒著貨幣危機|冒險|冒險假設|冠冕堂皇|削去|削弱|削掉|削減|前功盡棄|前後矛盾|前後顛倒|剋扣|剋星|勉強|南侵|南轅北轍|卻只|卻只是|卻未|卻未減少|卻有|卻步|卻沒有|卻忽略|卻忽略了|卻忽視|卻非|卻是|卻要|卻無法複製|卻視|卻說|卻掐死了|厚利可圖|厚著臉皮做|厚臉|厚臉皮|厚顏|厚顏無恥|厚顏薄恥|叛徒|叛逆|叛逃|叛國|叛國者|叛亂|咬牙切齒|咬字不清晰|咬住|咬傷|哀求|哀泣|哀怨|哀悽|哀惜|哀悼|哀悼者|哀戚|哀痛|哀訴|哀傷|哀號|哀嘆|哀憐|哀歎|哎呀|哇咧|哇哩|哇哩咧|哇勒塞你娘|哇靠|品行不端|品性不端|品質也降低|哄誘|哄騙|哄騙做|哈巴狗|哈欠|咯咯|咯咯聲|垂危|垂涎|垂頭|垂頭喪氣|垮台|垮掉|垮臺|姿態|姦情|姦淫|姦淫擄掠|威信掃地|威脅之嚴重|威脅更大|威脅杯葛|威嚇|威嚇意味|威壓|威懾|威懾力量|威權|威權管教|孩子氣|宣布放棄|宣佈中止|宣佈脫離關係|宣告失敗|宣告有罪|宣告放棄|宣告非法|宣告無效|宣洩|封殺|封閉|封閉已久|封閉市場|封鎖|屍塊|屍塊遍地|屍體|屋漏偏逢連夜|幽暗|幽靈再現|度爛|建樹少|很大壓力|很不快樂|很不高興|很不喜歡|很不開心|很少|很少人|很少有|很可怕|很危險|很多問題|很忙|很低|很沒面子|很怕|很後悔|很差|很弱|很氣|很臭|很混|很深的裂縫|很感冒|很慘|很滿|很緊張|很擔心|很遺憾|很醜|很難|很難不做退讓|很難打|很難有|很難為情|很難相信|很難逃過|很難証明|很難想像|很難預料|很難實現|很難說|很難辦了|很難避免|很難聽|很爛|很蠢|很屌|後果|後座力|後悔|後悔已晚|後退|後塵|後遺症|怒火|怒斥|怒目|怒目注視|怒目相向|怒吼|怒指|怒容|怒氣|怒氣衝衝|怒視|怒潮|怒髮衝冠|怠工|怠惰|怠惰地|怠慢|急切地要求得到|急忙|急忙地講|急扯|急走|急促|急促地說|急急忙忙|急流|急凍人|急著|急著跳腳|急煞車聲|急語|急劇惡化|急遽下挫|急遽萎縮|急轉直下|急躁|怎免|怎麼了|怎麼可以|怎麼混|怎麼這樣|怎麼搞|怎麼會|怎樣|怨天尤人|怨言|怨命|怨恨|怨恨引起|怨氣|怨氣深|怨偶|怨嘆|怨憤|怨懟|恍惚|恰恰相反|恨死|恨死你|恨你|恨的牙癢癢|恨得牙癢癢|恨意|恨極|恫嚇|扁一扁|扁你|扁到你說不出話|拜托|拜金|拜金主義|挖空|挖苦|挖掘|挖掘地基|挖掉|拼命|持異議|持疑|持續的叫喊|持續虐待|持續惡化|指斥|指正|指控|指責|指責不斷|指摘|拱手|拷問|挑剔|挑逗|挑撥|挑撥是非|挑撥離間|挑釁|挑釁式|挑釁性|政治化|政治危機|政治角力|政治性陰謀|政治動盪|政治衝擊|政客|政經危機|政變|故意刁難|故意少給|故意違悖|故意違憲|故意誤導|故態復萌|故態複萌|故障|施加壓力|施虐|施虐者|施暴|既非|既無助於|昭然若揭|昧於|是一發不可收拾|是我的錯嗎|是非不分|是怎樣|是畜牲|染上|染上毒癮|染指|染黑|某校系寄給同|枯萎|枯槁|枯竭|查不出|查抄|查無實據|查禁|查賄|歪曲|歪曲史實|歪腦筋|殃及|殆盡|毒手|毒打|毒打一頓|毒品|毒品交易中收錢而不給貨|毒害|毒氣|毒氣影響|毒殺|毒蛇|毒蛇一樣|毒蛇一樣的傢伙|毒腺|毒藥|毒癮|洋鬼子|洪水|洪水猛獸|流亡|流亡者|流出|流失|流血|流行病|流言|流言四起|流言蜚語|流放|流氓|流空|流浪|流浪人|流浪乞丐|流浪者|流浪漢|流淚|流產|流眼淚|流連|流逝|流竄|流離|流離失所|洗錢|活不過|活該|派系|洩忿|洩恨|洩密|洩漏|洩憤|洩露|為..哀痛|為..鬥爭|為..報復|為..感到遺憾|為人誤解|為小|為什麼還|為低|為抗議|為恥|為時已晚|為時過早|為情所困|為富不仁|為惡|為罪魁禍|為禍|為難|炸射|炸毀|炸藥|炮火|炮打|炮灰者|炮擊|炮轟|牲畜|牲畜欄|牴觸|牴觸法規|牴觸無效|狩獵|狠心|狠打|狠命|狠很|狠毒|狠狠抨擊|狠狠修理|狠狠訓了|狠話|狠罵|狡計|狡詐|狡滑|狡猾|狡詰|狡辯|玷污|甚至|甚為嚴重|畏怯|畏縮|畏懼|疫區|疫情|疤痕|皆未|皆非|皆非易事|皆輸|省思|相互叫陣|相互指責|相互對罵|相反|相反地|相去甚遠|相左|相形失色|相形見絀|相形黯然|相姦|相姦罪|相約自殺|相背而馳|相當反感|相當失望|相當有限|相當低|相當疼痛|相當艱苦|相當艱難|相違背|相對|相對降低|相對貶值|相對滑落|相撞|看了就有氣|看不出|看不出來|看不見|看不到|看不起|看不過去|看不慣|看不懂|看你娘卡好|看貶|看膩|看膩了|研碎|砍一下|砍人|砍下|砍死|砍倒|砍得|砍得很深|砍得很深的傷口|砍掉|砍痕|砍傷|砍落|砍頭|砍擊|砍斷|科以|科以罰款|秋毫之末|突然不見|突然止步不前|突然地|突然查抄|突然喪失|突發|突遭變故|突擊|突襲|突變|紀錄不佳|約束物|耍小姐脾氣|耍什麼狠|耍太保|耍心機|耍色|耍我|耍狠|耍起狠|耍脾氣|耍嘴皮子|耍賤|耍賤招|胖子|胃痛|背井|背信|背信棄義|背信棄義的人|背叛|背叛者|背棄|背傷|背道而馳|背離|胡打亂撞|胡作非為|胡吹|胡扯|胡言|胡言亂語|胡來|胡思|胡思亂想|胡亂|胡亂地塗|胡亂搞|胡亂對付|胡幹|胡搞|胡話|胡說|胡說八道|胡鬧|胡謅|胎兒畸形|致人死命|致死|致污物|致命|致命一擊|致命之物|致命傷|致哀|致癌|苛求|苛刻|苦大仇深|苦工|苦不堪言|苦心|苦主|苦吞|苦役|苦旱期|苦事|苦味|苦果|苦的東西|苦哈哈|苦苦糾纏|苦笑|苦悶|苦惱|苦痛|苦幹|苦嘗|苦境|苦戰|苦頭|苦臉|苦難|若非|苟且偷安|苟延殘喘|虐兒|虐待|虐待而死|虐待兒童|虐殺|要加把勁|要吐|要死|要死要活|要被當了|要飯|計較|計謀|負心|負成長|負面|負面方向|負面因素|負面效果|負面影響|負起政治責任|負荷|負債|負債累累|負傷|負數|負擔加重|負擔重|軍事大國|軍事打壓|軍事挑釁|軍事政變|軍事壓力|軍備競賽|軍閥|迢遙長路|迥異|迫不|迫不得已|迫切反對|迫切需要|迫於形勢|迫害|重大代價|重大事故|重大爭議|重大的損失|重大空難|重大挫折|重大惡行|重大傷亡|重大意外|重大疑慮|重大影響|重大隱憂|重打|重負|重重障礙|重挫|重病|重創|重圍|重跌|重傷|重傷之際|重傷害|重新來過|重新陷入|重罪|重擔|重整失敗|重壓|重擊|重擊聲|重蹈|重蹈覆轍|限止|限死|限制|限制因素|限定|限於|限量|陌生|降至|降至六千|降低..|降低..的地位|降低..的品格|降低風險|降到|降為|降息|降級|降稅|降禍|降價|面有難色|面色凝重|面臨很多難題|面臨重大困難|面臨嚴重挑戰|革職|風吹|風流|風流韻事|風涼|風涼話|風暴|風暴期|風險|風險打擊|風險卻特別高|風險很大|風聲鶴唳|風爆|風騷|飛走|飛彈攻擊|飛濺|飛濺出|食人|食人者|食古不化|食言|食言而肥|食惡果|食髓知味|首當其衝|亳不|亳不留情|俯身痛哭|俯首稱臣|倦怠感|值得商榷|借題發揮|倚老賣老|倒下|倒大楣|倒不如|倒打一耙|倒行逆施|倒坍|倒垃圾|倒底要怎樣|倒果為因|倒退|倒彩|倒閉|倒閉風|倒閉風惡化|倒塌|倒楣|倒置|倒盡|倒輸|倒錯|倔強|倔強地|俱焚|個性倔強|修正壓力|俾防|倫理病變|倫理蕩然|倉卒|冤大頭|冤家|冤孽|凍結|凍傷|凍瘡|凌虐|凌虐他人|凌虐致死|凌辱|凌亂|凌遲|凋敝|凋萎|凋謝|剔除|剛愎|剝削|剝落|匪夷所思|匪諜|匪類|原子塵|原子塵的降下|原罪|唐突|哼！|哭了|哭么|哭夭|哭夭個屁|哭妖|哭泣|哭爸|哭得使..|哭著使..|哭訴|哭媽|唉呀|唉唷|唉喲|唉聲嘆氣|哪敢|哽咽|唏噓|埋下|埋下不少問題|埋下問題|埋伏|埋地雷|埋怨|埋葬|奚落|宰殺|害了|害人|害人害己|害人精|害怕|害羞|害處|害群之馬|害慘|害蟲|害臊|家庭暴力|家破人亡|家務雜事|家暴|容易受驚|射殺|射傷|射擊|差了一點|差太遠|差池|差別很大|差別待遇|差勁|差強|差強人意|差得很遠|差異|差異化|差異太大|差異性高|差異甚大|差距|差距甚大|差錯|弱小|弱化|弱到|弱勢|弱勢者|弱勢貨幣|弱點|徒令|徒具形式|徒呼負負|徒勞|徒然|徒增|恥笑|恥辱|恐不保|恐有負面影響|恐佈|恐佈份子|恐怖|恐怖手段|恐怖主義|恐怖行動|恐怖攻擊|恐怖活動|恐怖時期|恐怖病|恐怖症|恐怖統治|恐怖陰影|恐怕|恐怕更難|恐非|恐非事實|恐核|恐將|恐將落空|恐慌|恐遭|恐遭誤解|恐嚇|恐嚇勒索|恐難|恐難持續|恐難維持|恐懼|恐懼不安|恩將仇報|悄悄|悄悄踱步|悚然|悍妞|悍拒|悍婦|悔恨|悔悟之心|悔意|悖於|悖離|拳打|拳打腳踢|拳腳相向|拳頭|拳頭相向|拿不出|拿不出辦法|拿不到|拿掉|挾怨|捕捉之物|捕捉器|捆在|捏造|捉賊|捉襟見肘|挫折|挫折容忍力低|挫折感|挫折感重|挫敗|挫跌|挫傷|挫賽|挨打|挨告|挨餓|挨餓受凍|挨轟|效果不高|料想不到|旁人稱羨|時好時壞|校園小霸王|案件|根本不是我|根本不重視|根本沒有|根本就|根絕|栽在|格鬥|殊死戰|氣人|氣不過|氣死|氣死ㄌ|氣死了|氣死人|氣死我了|氣沖沖|氣走|氣呼呼|氣昏|氣氛不好|氣氛緊繃|氣氛繃緊|氣的半死|氣咻咻|氣急|氣急敗壞|氣急敗壞地說|氣哼哼|氣得|氣得七竅生煙|氣惱|氣結|氣絕身亡|氣勢受挫|氣瘋|氣瘋了|氣憤|氣憤地說粗話|氣憤填膺|氣餒|氣壞|浪子|浪得虛名|浪費|浪費了|浪費時間|浪蕩|浪擲|消沈|消耗|消耗性|消耗熱|消除掉|消逝|消極|消極被動|消滅|消瘦|浸水而沈沒|浸沒|海洛因|涉及犯罪|涉及洩密|涉及賄賂醜聞|涉及醜聞|涉有違憲|涉案|涉嫌|涉嫌逃稅|涉賄|浮列計畫|浮沈|浮動|浮動不安|浮渣|浮華|浮濫|浮躁|浩劫|烤焦|烙印|烙跑|烈酒|烏有|烏煙瘴氣|特別扭曲|特別差|特別頑劣|特權|狼心狗肺|狼吞虎咽|狼狽|狼狽為奸|狼藉|狹小|狹窄|狹路|狹隘|畜生|畜牲|留下傷痕|留置|疾走|疾苦|疾風|疾病|疾駛|疾聲反對|病了|病人|病因|病狂|病故|病毒|病倒|病弱|病弱的人|病根|病逝|病菌|病號|病態|病魔|病變|症候群|疲乏|疲於奔命|疲倦|疲弱|疲累|疲軟|疲勞|疲憊|疼痛|疹子|眩目|眩目地照射|真不知道|真他x的雖|真他ㄇㄉ|真他ㄉ濫|真他媽|真他媽賤|真正的問題|真非|真是夠了|真是爛|真面目|真氣|真假可疑|真給他|真幹|真爛|真蠢|真糗|砰地|砰地放下|砰地落下|砰然|砰然作聲|砰然作聲地|砰然聲|砰擊|砰擊聲|砰聲|砸死|砸得粉碎|破口|破口大罵|破功|破布條|破衣服|破局|破門|破門盜竊|破洞|破洞補洞|破除|破掉|破敗|破產|破產了|破產危機|破產者|破產國|破麻|破裂|破裂之虞|破裂處|破損|破滅|破滅了|破碎|破碎家庭|破落|破解|破銅爛鐵|破機八|破舊|破壞|破壞..的基礎|破壞心情|破壞名譽|破壞我的心情|破壞性|破壞性影響|破壞活動|破爛|砲口|砲火猛烈|砲打|砲擊|砲聲隆隆|神經|神經病|神經病患者|神經過敏|神經緊張|神經質|神經錯亂|秩序紊亂|秘教|站不住腳|笑柄|笑裡藏刀|粉無聊|粉飾|粉飾太平|粉屌|紋裂|紊亂|素昧平生|索費|索賄|索價|納悶|紙老虎|紙醉金迷|紛歧|紛爭|紛紛擾擾|紛亂|紛擾|紛擾多時|缺少|缺少的東西|缺乏|缺乏共識|缺乏成效|缺乏自信|缺乏改善|缺乏信心|缺乏責任|缺乏感情|缺乏感情或興趣|缺乏誠意|缺乏興趣|缺失|缺席|缺席者|缺缺|缺貨|缺陷|缺電|缺德|缺憾|缺錢|缺點|耕作不便|耗時|耗費|耗盡|耗竭|耽誤|耽誤正事|耽擱|脅迫|脆弱|脆弱不穩|能力不足|能吻合|能看嗎|臭功夫|臭老師|臭老猴|臭老頭|臭你老師咧|臭屁|臭男人|臭味|臭狗|臭青蛙|臭娘們|臭氣|臭蚊子|臭話|臭酸|臭銅錢|臭德性|臭臉|臭蟲|芻狗|茫然|荒地|荒年|荒唐|荒涼|荒野|荒腔走板|荒廢|荒誕|荒蕪|荒謬|荒謬的言行|荒謬的餿主意|草草收場|草草結束|草率|草率地|草率從事|草率發照|草菅|草菅人命|茲事|衰老|衰弱|衰退|衰退邊緣|衰敗|衰雲罩頂|衰微|衰落|衰竭|衰頹|記不起|記不得|記仇|討人嫌|討人厭|討伐|討嫌|討厭|討厭的人|討厭的人或東西|討厭的事|討厭鬼|討價還價|訓了|訓斥|豈不是|豈是|財大氣粗|起反作用|起火|起步太晚|起糾紛|起阻礙作用|起風暴|起訴|起訴人|起訴狀|起皺|起衝突|起雞皮疙瘩|軒然大波|辱罵|送葬|送葬者|逆向|逆行|逆差|逆著|逆境|迷失|迷住|迷信|迷信引起|迷思|迷航|迷惘|迷途|迷途地|迷惑|迷亂|迷路者|迷戀者|退出|退回|退役|退步|退居|退居次位|退卻|退堂鼓|退場|退落|退學|退縮|退賽|退避|迴避|逃亡|逃亡者|逃不過|逃之夭夭|逃犯|逃生|逃走|逃走的人|逃家|逃掉|逃脫|逃跑|逃過|逃漏|逃避|逃避責任|逃避義務|逃避職責|逃竄|逃離|追打|追捕|追殺|追訴|追訴時效|追撞|追擊|酒鬼|酒醉|針刺|針鋒相對|閃人|閃避|閃爍其詞|閃邊|陣亡|陣痛|陣腳大亂|陡峭|陡然下降|除去|除名|除非|除害|除掉|隻字未提|飢餓|馬屁|馬屁話|馬的咧|馬的逼|骨折|高不成|高不成低不就|高失業|高失業率|高犯罪率|高危險|高死亡率|高度爭議|高度興奮|高度警惕|高風險|高射砲|高得異常|高速疾駛|高傲|高傲態度|高價|高價地|高壓政治|高難度|鬥不過|鬥爭|鬥拳|鬥臭|鬥起來|鬥毆|鬼子|鬼天氣|鬼叫|鬼東西|鬼玩意|鬼鬼祟祟|鬼鬼祟祟的人|鬼鬼祟祟做事|鬼混|乾旱|乾咳|乾枯|乾陰陽|乾燥|偽人|偽人之心|偽君子|偽造|偽造物|偽造品|偽善|偽善者|偽証|偽裝|偽證|偽證罪|停工|停止|停止適用|停止辦理|停用|停飛|停留|停售|停業|停業清理|停頓|停滯|停辦|停賽|停擺|停職|停權|假仁假義|假公濟私|假心假意|假手|假正經|假正義|假扮|假冒|假冒品|假毒品|假面目|假託|假貨|假惺惺|假象|假想敵|假道學|做人情|做不到|做死做活|做作|做秀|做到流汗、被罵到半死|做祟|做假|做票|做錯|做壞|做壞事|做霸佔行為|健忘|偶一為之|偷人|偷工減料|偷天換日|偷走|偷拐搶騙|偷東西|偷看|偷偷|偷偷地吃|偷偷地行動|偷偷地做|偷偷取得|偷偷摸摸|偷偷摸摸地行走|偷偷摸摸的人|偷偷摸摸的勾當|偷開|偷運|偷摸|偷摸行走|偷摸行走的人|偷罵|偷窺|偷嚐禁果|偷懶|偷竊|偏心|偏低|偏私|偏見|偏差|偏差行為|偏偏|偏執|偏執狂|偏執狂患者|偏遠|偏頗|偏廢|偏鋒|偏激|偏離|偏離正軌|偏離跑道|副作用|勒令|勒令停工|勒死|勒索|勒索所得之款|勒除|勒除器|勒贖|勘漏|動了手腳|動干戈|動不動|動不動就發脾氣|動手|動手動腳|動武|動怒|動粗|動亂|動亂情勢|動輒|動蕩|動蕩的局面|動盪|動盪不安|區域衝突|參加不良組織|參差不齊|啪地一聲放下|啪地落下|啪的一聲甩|啪嗒|啪嗒一聲關上|唱反調|唱衰|問題|問題少女|問題很多|問題重重|問題深重|問題叢生|問題簡單化|問題爆發|問題嚴重|唯恐|唯恐不及|唯恐天下不知|唯恐天下不亂|啜泣|啜泣著說|圈套|國仇家恨|堅決反對|堅拒|堅持不要|堅絕反核|基本缺陷|基賣|基礎薄弱|堵死|堵住|堵塞|執拗|執意放任|夠了沒|夠不爽|奢侈|奢華|奢想|奢靡|奢靡浮華|婉言拒絕|婉拒|娼妓|婚外情|婚姻失調|婚姻暴力|婚暴|婚變|婊子|寅吃卯糧|寄生蟲|寄食|寄望過高|寂寞|宿命|宿命論|宿怨|密告|密藏|密藏的金錢|專制|專制獨裁|專橫|專權|將..弄糟|將..逐出社會|將不會|將加艱難|將交保釋放|將更形複雜|將沒有任何贏家|將走弱|將受到衝擊|將浮渣去除掉|將問題看得太|將喪失|將減少|將體育組織政|屠虎|屠宰|屠宰者|屠殺|屠場|崎嶇|崎嶇不平|崎嶇坎坷|崩堤|崩塌|崩解|崩潰|崩潰的邊緣|崩潰邊緣|崩盤|帶來痛苦|帶衰|帶塞|庸俗|張牙舞爪|張揚|強力威脅|強光|強行拘留|強忍|強求連任|強使|強制驅離|強弩之末|強姦|強要|強迫..入伍|強迫..服務|強迫症|強迫徵兵|強迫關閉|強風吹襲|強烈不滿|強烈反對|強烈反彈|強烈抗議|強烈的慾望|強烈指責|強烈憤慨|強烈警告|強烈譴責|強盜|強盜行為|強盜罪|強硬派|強硬態度|強詞奪理|強奪|強暴|強暴未遂|強壓|強擊|強擠|強擠入|強辯不休|強權政治|強權欺壓|得不到|得不到休息|得失心過|得到教訓|得意忘形|得罪|得罪人|得罪人的人|從..清除|從..開小差|從中作梗|從未|從未有|從未見過|從未開始|從未奪得|從未獲得|從沒有|從事小爭論|從事偽造活動|從來未|從來沒有|從指間溜走|從無進展|從嚴|徘徊|患..病|患了|患有|患者|患病|患得患失|患精神病|惋惜|悽慘|情何以堪|情況不好|情況很糟|情況緊急|情急|情急拼命|情殺|情結|情勢不妙|情勢動盪|情節重大|情節劇似|悻悻|惆悵|惟恐|戛然而止|掠食|掠奪|掠奪行為|控告|控訴|控罪|捲入|接受不當招待|接近危險|措手不及|掩人耳目|掩不住|掩耳盜鈴|掩埋|掩飾|掩蓋|掩蔽|掉到|掉淚|掉隊|掉隊的飛機|掉榮|掉滿地|掃地|掃地出門|掃蕩|掛勾|掛羊頭賣狗|掛車尾|掛彩|掛鉤|推卸|推卸責任|推卻|推託|推得更低|推開|推諉|推諉責任|推遲|推擠|掙扎|採取武力|採取破壞行動|排他|排外|排斥|排除於|排除適用|排擠|排擠效果|捨本逐末|捨棄|救我|救急|教唆偽證|教唆證人|教訓|教得爛|敗仗|敗北|敗投|敗俗|敗家|敗家女|敗家子|敗退|敗陣|敗絮|敗給|敗訴|敗德|敗戰|敗績|敗壞|敗壞道德之事|敗類|啟人疑竇|啟疑|斬首|梗塞|械鬥|械鬥事件|棄以堪|棄守|棄拍|棄國|棄置|棄義|棄賽|棄職潛逃|棄權|條件不同|欲哭無淚|欲振乏力|欲嘔|欲墜|殺了|殺人|殺人放火|殺人者|殺人罪|殺千刀|殺子|殺手|殺伐|殺伐聲|殺死|殺紅了眼|殺害|殺氣|殺氣騰騰|殺掉|殺傷力|殺傷力很大|殺戮|殺機|殺機已藏|殺親|殺雞儆猴|毫不|毫不重要|毫不關心|毫未著墨|毫無必要|毫無瓜葛|毫無生機|毫無技巧|毫無威脅|毫無根據|毫無意義|毫無準備|毫無道理|毫無影響|毫無徵兆|毫無辦法|毫無幫助|毫無證據|毫釐之差|淡而無味|淡漠|淌混水|淺薄|清理債務|清寒|清算清算|混日|混兄弟|混吃混住|混吃混喝|混吃等死|混江湖|混沌|混到|混流氓|混為一談|混淆|混淆不清|混淆是非|混淆國際視聽|混淆黑白|混球|混蛋|混亂|混戰|混戰場|混濁|混濁狀態|混幫派|混雜|混雜不清|淒涼|淒然|淒慘|淚下|淚如雨下|淚流|淚流滿面|淚珠|淚動|淚灑|淫污|淫威|淫亂|淫蕩|淫蕩樣|淫穢|淘汰出局|淘汰率|淪入|淪為|淪為乞丐|淪為少數|淪為廢墟|淪陷|淪喪|淪落|深仇大恨|深以為憂|深有疑慮|深受菸害|深怕|深恨|深恐|深淵|深惡痛絕|深感不平|深感不耐|深感訝異|深感棘手|深感懊悔|深感遺憾|深感懷疑|爽約|牽制|牽強|牽強附會|牽掛|牽累|牽連|牽腸掛肚|猜忌|猜疑|猛扔|猛吃|猛地|猛地落下|猛地關上|猛批|猛攻|猛拉|猛拋|猛砍|猛烈抨擊|猛烈的力量|猛烈的抨擊|猛推|猛然一動|猛然地|猛然地一拉|猛跌|猛奪|猛衝|猛踢|猛擊|猛闖|猛轟|猖狂|猙獰|球觸網重發|理不直不壯|現世|現世報|現出愁容|產生不利影響|產生反作用|產生歧異|產生很多問題|產生紋裂|產生問題|產生弊端|產生衝突|產生諸多問題|產生懷疑|略少|略去不提|略有差距|略而未見|略低|略低於|略差|略減|略貶|略嫌|略嫌保守|略嫌粗糙|略嫌誇張|異乎|異乎尋常|異行|異狀|異常|異常狀況|異常的人或物|異常興奮|異想天開|異樣|異樣眼光|異類|異議|疏失|疏忽|疏於|疏漏|疏遠|疏離|疏離感|痔瘡|盛怒|眾之矢地|眾怒難犯|眼中釘|眼花|眼花撩亂|眼花據亂|眼花繚亂|眼淚|眼睛狗到蛤仔肉|眼睛瞎調|硫化|祭品|移送法辦|移除|窒息|窒息而死|窒息狀態|窒息噎|窒礙難行|窒礙難行排除|笨手|笨手笨腳|笨手笨腳地做|笨拙|笨拙地說出|笨拙的處理|笨重|笨蛋|笨腳|笨豬|粗心|粗心大意|粗劣|粗俗|粗陋|粗野|粗話|粗製|粗暴|粗暴地|粗魯|粗魯地對待|粗魯的人|粗魯無禮|粗魯無禮的人|粗糙|粗糙地|絆倒|絆腳石|細菌|累贅|終止|終決處分|羞怯怯|羞於|羞恥|羞辱|羞羞羞|羞赧|羞惱|羞愧|羞慚|羞慚恥辱|羞澀|脫口|脫口說出|脫手|脫序|脫軌|脫軌行為|脫節|脫落|脫離了|脫離常規|脫離常規的人|脫離聯邦|船失事|莫大遺憾|莫名|莫名其妙|莫何奈何|莫明|莫明奇妙|莫能|莫衷一是|荼毒|處..以罰金|處不好|處分|處心積慮|處以|處以缺席裁判|處以停權|處以罰款|處以警告|處刑|處決|處於不利|處於不利地位|處於支配地位|處理不好|處理不當|處置|處境艱難|處罰|蛀牙|蛀蝕|蛀壞|蛋洗|被三振|被分解|被打|被打敗|被打碎|被瓜分|被危機所累|被吃定了|被曲解|被污染|被低估|被利用|被告|被吼叫著表達出來|被弄死|被弄髒|被扼死|被扼殺|被扯破|被抓|被抑制|被抑制狀態|被刺痛|被取代|被奉為|被忽略了|被拒|被放棄|被放逐者|被沾汙|被狗吃|被玩弄|被玩弄的人|被侵蝕|被俘|被孩子捆住|被封殺|被指|被毒打一頓|被炸|被炸毀|被砍傷|被美化|被迫分離|被迫延後|被迫退出|被迫退賽|被迫停止|被迫辭職|被害|被害人|被害者|被恐嚇|被捕|被浮渣覆蓋|被迷住|被停權|被偷|被勒死|被動|被動的貪汗|被屠殺|被控|被控犯罪|被控犯罪的人|被控貪污|被掩飾|被推翻|被排除|被殺|被淘汰|被逐出|被悶死|被盜用|被絞死|被詛咒|被開除|被傷害|被幹走|被損壞|被當|被補|被誇大|被雷打死|被敲出|被監禁|被罰鉅款|被腐蝕|被誤解|被颱風尾掃到|被撞及|被撞死|被撕破|被撕裂|被毆|被毆打|被毆致死|被潑水弄濕|被碾碎|被踢出|被瞞|被遺棄|被壓壞|被戲弄|被擊中|被擊出|被擊落|被擦模糊|被騙|被騙走|被議論|被犧牲|被轟出|被驅逐|被驅逐的人|被羈押|袖手|袖手旁觀|規定不到|規模太小|規避|訝然|許多風險|設伏|設伏地點|設計|設限|設圈套|設陷阱|設陷阱捕捉|責求|責求嫌惡|責怪|責問|責備|責備話|責罵|責罵不休|責難|責難萬分|貨幣危機|貪吃|貪汙|貪汙叛逃|貪污|貪污受賄|貪污腐化|貪求|貪念|貪玩|貪財|貪婪|貪婪地吃|貪婪地注視|貪得|貪得無厭|貪欲|貪圖|貪腐|貪瀆|貪瀆醜聞|貪贓枉法|貧乏|貧困|貧瘠|貧窮|軟弱|軟禁|軟腳蝦|這只是一個開始|這麼差|這麼爛|逍遙法外|通告廢除|通姦|通姦行為|通貨膨脹|通牒|通敵|通盤皆錯|通膨|連屁都不如|連破|連帶惡果|連累|連戰皆敗|連輸|連鎖倒閉|連續虐待|逐出教會|逐年下降|逐步縮小|逐步縮減|逐漸下滑|逐漸式微|逐漸消耗|逐漸遞減|逐離|逕自|逕行|逞威|逞強|造反|造成一大打擊|造成危害|造成困擾|造成更大壓力|造成爭議|造成重大傷害|造成破壞|造成傷害|造成損失|造成損害|造成影響|造成錯覺|造成嚴重|造假|造謠|造謠中傷|透不過氣來|逢此厄難|逢迎諂媚|逢敵手|部分錯誤|都不客氣|都不是|都不相信|都不能|都不關心|都未|都有錯|都沒|都沒有|都是問題|都無益|酗酒|野心|野性|野草|野獸|野蠻|野蠻人|閉門|閉門造車|閉鎖|閉關|陳腔濫調|陳腔爛調|陳腐|陳舊|陰冷|陰沈|陰沈沈|陰沈沈的樣子|陰雨|陰森|陰森地逼近|陰間|陰暗|陰慘|陰魂不散|陰影|陰謀|陰謀者|陰險|陰險人|陰霾|陰鬱|陷入|陷入危機|陷入低潮|陷入困境|陷入攻防|陷入谷底|陷入泥沼化|陷入衰退|陷入混沌|陷入混亂|陷入絕境|陷入緊張|陷入緊繃|陷入僵局|陷入膠著|陷入險境|陷危|陷住|陷身困境|陷阱|陷於|陷於困境|陷於孤立|陷於苦戰|陷害|陷落|雪上加霜|雪特|雪球越滾越大|竟成泡影|竟自大地以為|竟敢|竟然|竟然一直給我|竟輕描淡寫|頂撞|魚目混珠|鳥不拉機|鳥東西|鳥屎|鳥話|鳥態度|鳥樣|鹵莽|麻木|麻木不仁|麻煩|麻煩事|麻煩製造者|麻痺|麻醉藥物|麻痹|傢伙|備受爭議|備受衝擊|備受質疑|備感困難|備感壓力|備感難堪|備極哀榮|最大威脅|最大弱點|最大敵人|最大敵手|最小限度|最不尋常|最不道德|最不滿意|最可怕|最可怕的惡夢|最失落|最危險|最老|最低|最低水平|最低紀錄|最低點|最沒有|最邪惡|最具威脅|最受爭議|最受詬病|最怕|最後|最後的審判日|最後通牒|最恨|最是可惜|最為嚴重|最差|最弱|最悍|最討厭|最敏感|最深的哀悼|最棘手|最痛苦|最窩囊|最擔心|最頭痛|最尷尬|最糟|最糟的是|最糟的結果|最艱辛|最艱難|最壞|最難|最難過|最嚴苛|最嚴重|最嚴重議題|最嚴厲|最懸殊|最屌|最跩|割下|割破|割捨|割裂|割傷|割斷|創傷|勞工保障降低|勞民傷財|勞役|勞累|勝算太低|厥如|喀嚓|喀嚓喀嚓行進|喧嘩|喧嘩吵鬧|喧鬧|喧鬧的談笑|喧鬧聲|喧嚷|喧囂|喧囂聲|啼哭|啼笑皆非|喊叫聲|喊冤|喊停|喝倒|喝倒采|喝悶酒|喘息|喜怒無常|喜誇耀|喜歡吵架|喪友|喪心|喪心病狂|喪失|喪失了|喪失公權者|喪失信心|喪失意義|喪失親人|喪母之慟|喪生|喪生意外|喪志|喪命|喪氣|喪葬|喪盡|喪親|喪膽|喪鐘|喋血|喋血案|喋喋|喋喋不休|喋喋不休地講話|喃喃|喃喃地說出|喃喃自語|喃喃低語|單挑|單調|單親家庭|唾沫|唾沫飛濺|唾棄|圍困|圍攻|圍城|圍堵|圍剿|圍剿批評|圍毆|堪慮|報仇|報以噓聲|報怨|報怨聲|報復|報復性|報復威脅|報歉|報憂|報應|寒心|寒冷|寒冷刺骨|寒顫|富侵略性|尋仇|尋仇報復|就像某人生病|幾乎沒有|幾乎尚未|幾近蠻橫|復仇|復發|惡人|惡化|惡兆|惡劣|惡劣地|惡劣處境|惡劣影響|惡名|惡名昭張|惡名昭著|惡名昭彰|惡有惡報|惡行|惡作劇|惡形惡狀|惡言|惡言相向|惡言頂撞|惡事|惡性|惡性現象|惡性通膨|惡性循環|惡性腫瘤|惡性賦稅競爭|惡果|惡毒|惡狠|惡狠很|惡根|惡臭|惡習|惡貫滿盈|惡報|惡棍|惡勢力|惡意|惡意離棄|惡搞|惡運|惡夢|惡夢成真|惡質|惡質化|惡質行為|惡鄰|惡臉|惡臉相向|惡魔|惡魔化|惡魔般|悲哀|悲哀地說|悲苦|悲情|悲悼|悲涼|悲痛|悲痛欲絕|悲痛遺憾|悲傷|悲傷者|悲愁|悲嘆|悲慘|悲劇|悲憐|悲憐心疼|悲憤|悲歎|悲觸|悲觀|悲觀主義|悶死|悶住|悶酒|悶悶|悶悶不樂|悶著|悶熱|惴惴|惴惴不安|慨然|慨嘆|慨歎|惱人|惱人事|惱火|惱怒|惱羞成怒|惶急|惶恐|惶恐失措|惶惶|掌摑|掌擊|揍一頓|插手|插嘴|提心弔膽|提心吊膽|提出..來反對|提出上訴|提出公訴|提出告訴|提出抗議|提出抱怨|提出指控|提出異議|提出訴狀|提出論據反對|提出質疑|提防|提前出局|提前退場|提起上訴|提起公訴|揭穿|揮刀|揮之不去|揮別|揮軍|揮淚|揮猛烈沖打|揮霍|揮霍無度|揮擊|換了國格|換湯不換藥|摒於|摒擋|揚棄|敢死你|敢冒|敢騙|敢騙我|敢喵|敢喵我|散戶就吃大虧|散布謠言|散落|散漫|斑塊|斑駁|斑點|景氣過熱|智障|替..報仇|替罪羔羊|朝..反衝|棺未蓋而論已|棘手|森冷|棍打|欺侮|欺負|欺凌|欺善怕惡|欺詐|欺詐者|欺瞞|欺壓|欺騙|殘忍|殘忍或好色之人|殘害|殘疾|殘疾者|殘破凋敝|殘殺|殘酷|殘酷的行為|殘廢|殘廢的人|殘廢理賠|殘暴|殘暴本質|殘暴的行為|殘暴施虐|殘骸|殘骸屍塊|殘骸散落|殘羹碎屑|殖民|殖民地|殖民統治|渲染|湊什麼熱鬧|渣滓|減少之量|減少種植|減半|減去|減收|減至|減至最低|減低|減到最少|減為|減退|減產|減發|減量|減損|減溫|減慢|減縮|減讓|湮滅|渺茫|渾名|渾身顫抖|滋生|滋事|焚燒|焦土戰略|焦急|焦痕|焦慮不安|焦慮的事|焦頭爛額|焦燥|焦躁|無一正確|無一倖免|無人情味|無人理睬|無人聞問|無人遵守|無力|無力因應|無力抵抗|無力感|無力應付|無子|無子可動|無不當|無太大助益|無以為濟|無功而返|無可|無可奉告|無可奈何|無可奈何狀態|無可爭辯|無可容忍|無可挽回|無可推卸|無可置疑|無必要|無生命|無用|無用的老馬|無休止|無共識|無名|無名小卒|無此問題|無作為|無利益|無助|無助於|無助的狀態|無希望|無形|無形的東西|無志氣|無志氣的人|無把握|無把握的事|無決斷力|無足輕重|無事自擾|無依|無依無靠|無味|無奈|無奈地|無底洞|無怪乎|無所不缺|無所事事|無所得|無所適從|無所謂|無法|無法了解|無法支持|無法交代|無法企及|無法自圓其說|無法忍受|無法投遞的郵件|無法制定|無法承受|無法阻止|無法查出|無法看到|無法突破|無法計數|無法倖免|無法容忍|無法挽回|無法根除|無法做到|無法接受|無法理解|無法理賠|無法提供|無法無天|無法証實|無法超越|無法落實|無法解決|無法解除|無法達到|無法預料|無法預期|無法預測|無法適應|無法辨認|無法彌補|無法祛除|無爭論之餘地|無知|無知識|無知覺|無信用|無勇氣|無威嚴|無度|無政府主義者|無政府狀態|無重要性|無限延期|無限期|無家|無家可歸|無恙|無恥|無恥謂之賤|無效|無效果|無效能|無效率|無疾而終|無益|無秩序|無能|無能力|無能力者|無能為力|無動於衷|無常|無從|無情|無救|無深慮|無理由|無理取鬧|無理性|無聊|無聊人做無聊事|無聊死了|無聊的想法|無聊斃|無處|無處紓解|無智|無期徒刑|無策|無結果|無視|無視於|無視禁令|無意|無意思|無意參與|無意義|無意義的事|無意識|無慈悲心|無感情|無感覺|無新意|無暇|無準備|無資格|無道德|無厭|無精打采|無語|無語問蒼天|無遠見|無需|無價值|無德|無憐憫心|無緣|無論|無趣|無趣味|無遮蔽|無靠|無魅力|無興趣|無賴|無幫助|無濟於事|無聲音|無禮|無禮的人|無禮貌|無關|無關重要|無權|無變化|煮熟的鴨子飛|猶疑|猥褻|畫下|痛切|痛心|痛心不已|痛心疾首|痛心無奈|痛打|痛斥|痛批|痛恨|痛苦|痛苦不堪|痛苦的根源|痛苦的經驗|痛哭|痛哭失聲|痛哭流涕|痛悔|痛處|痛責|痛陳|痛感|痛毆|痛聲大哭|痙攣|發出尖銳|發出尖銳的聲音|發出刺耳|發出刺耳的聲音|發出刺耳聲|發出呻吟聲|發出咯咯聲|發出咯咯聲的東西|發出砰然聲|發出砰聲|發出嘈雜|發出嘈雜的聲音|發出嘈雜聲|發出撞擊聲|發出戰帖|發出顫聲|發生口角|發生矛盾|發生危機|發生困難|發生空難|發生糾紛|發生意外|發作|發抖|發牢騷|發狂|發育停止|發育較慢|發育遲緩|發昏|發炎|發疝氣|發怒|發紅|發展太快|發展停頓|發展遲緩|發病|發臭|發臭味|發酒瘋|發動抗議|發動突然襲擊|發軟|發麻|發愣|發脾氣|發嗚咽聲|發愁|發愁的人|發瘋|發瘋似|發誓|發誓要|發酵|發劈啪聲|發熱|發燒|發爆震聲|發難|發飆砲轟|盜賊|盜竊|短少|短促|短促頻繁|短促頻繁地乾咳|短缺|短淺|短處|短期現象|短路|短暫|硬仗|硬生生|硬背|硬湊|硬逼|硬撐|硬擠|硬擠過去|硬闖|稍有失誤|稍低|稍減|稍遜|稍縱即逝|程序錯誤|窘迫|窘迫不安|窘境|窖藏|等一等|等著看|等著瞧|筋疲|筋疲力盡|筋疲力竭|絞死|絞痛|結仇|結巴|結怨|結怨連仇|結結巴巴|結結巴巴地說|結結巴巴地說話|絕不|絕不允許|絕不止於|絕不代表|絕不承諾|絕不是|絕不原諒你|絕不能|絕不接受|絕不善罷干休|絕不僅是|絕不會|絕少|絕未|絕非|絕食|絕望|絕無僅有|絕路|絕境|絕對不|絕對不會|絕對不會原諒你|絕對地|絕對沒有|絕緣|絲毫|絲毫未|絲毫沒有|給..不快之感|給予台灣壓力|給你們好看|給我小心點|給我死|給我注意一點|給我注意點|給美國顏色看|善罷干休|善變|肅清異己|脹大|脾氣|脾氣暴躁|脾氣壞|華而不實|著火|著急|著實|著墨有限|萌生殺機|萎縮|萎靡|菜鳥|虛幻|虛妄|虛弱|虛偽|虛假|虛張|虛張聲勢|虛脫|虛無|虛飾|虛榮|虛榮心|虛應了事|虛應故事|虛驚|裁員|裁減|裁撤|裁罰|裂口|裂開|裂隙|裂縫|視為敝屣|視若無睹|詛咒|詐欺|詆毀|訴狀|訴苦|訴訟|貯藏貨物|費力|費力地做|費心|費用大|費用浩大|費用龐大|費時|費時費力|費解|買通|貶低|貶低..|貶低..的身份|貶抑|貶到|貶值|貶破|貶勢|貶損|貶黜|貿然|貿然輕率|越小|越打越慌|越來越重|越來越難|越來越嚴重|越俎代庖|越軌|越氣|越破越大|越跌越慘|越想越氣|越離越遠|越捅越大|超自然|超級通膨|超級激烈|超討厭|超速|超貶|超越誤差|超過|超過了|趁人之危|趁火打劫|趁亂搶劫|跋涉|跌到|跌到谷底|跌破|跌破眼鏡|跌得|跌落|跌價|跛行|跛足|辜負|逮捕|逮獲|逸樂化|進犯|進行威脅|進行恐嚇|進行緩慢|進退失據|進退兩難|進退維谷|開小差|開汽水|開始緊張|開炮|開革|開除|開脫|開脫責任|開脫罪責|開槍|開錯藥|開錯藥方|閑混|間諜|間斷|閒散|閒閒|閒閒沒事|閒閒沒事做|閒蕩|階下囚|集體心理|集體械鬥|雲泥之別|項莊舞劍|順手牽|順手牽羊|飲泣|飲恨|飲恨而歸|飲鴆止渴|飲酖止渴|黑心|黑心錢|黑手|黑色|黑店|黑社會|黑洞|黑洞越破越大|黑暗|黑道|黑道幫派|黑箱作業|黑幫|亂七八糟|亂叫|亂丟|亂丟垃圾|亂吃|亂吃豆腐|亂吹牛|亂吠|亂吼|亂局|亂屁|亂批評|亂批評別人|亂扯|亂來|亂哄哄|亂哄哄地跑|亂砍|亂殺|亂發脾氣|亂結|亂象|亂想|亂搞|亂摔拍子|亂摸|亂蓋|亂語|亂說|亂說話|亂撕|亂罵|亂罵人|亂講|亂竄|亂辯|亂謅|債務|債務人|債務負擔|傲脾氣|傲慢|傲慢無禮|傲慢無禮的行為|傳染|傳染性|傳染病|傳票|傳聞|僅止|僅有|僅佔|僅剩|僅較|僅憑|傾卸|傾軋|傾倒|傾側|傾斜|傾銷|傾銷商品|傾覆|催吐|催吐劑|催殘|傷..的感情|傷了|傷人|傷人感情|傷亡|傷亡嚴重|傷口|傷元氣|傷及|傷心|傷心死了|傷心事|傷兵|傷身|傷重|傷風|傷風敗俗|傷害|傷害..的感情|傷害力|傷害到|傷害遠大於所|傷神|傷痕遍體|傷透腦筋|傷悲|傷殘|傷殘退役軍人|傷痛|傷痛欲絕|傷感|傷感情|傷腦筋|傻子|傻瓜|傻事|傻眼|剷平|剽竊|勢必改變|勢單力薄|嗟嘆|嗜血|嗜殺|嗜殺成性|嗜殺成性的人|嗑藥|嗤之以鼻|嗚咽|嗚咽地說|嗚咽著說|嗚哩哩|嗚嗚咽咽|嗆聲|塞人|塞八|塞你娘雞吧|塞你祖馬勒|塞到|塞拎娘|塞哩幾摳碗粿|塞滿|塌下來|塌陷|塌落|奧妙|奧賄黑洞|嫉妒|嫉俗|嫉羨|嫌不足|嫌不夠|嫌東嫌西|嫌棄|嫌貧|嫌貧愛富|嫌惡|嫌疑|嫌疑犯|嫌隙|嫌隙之深|媽ㄉ|幌子|幹！|幹上|幹他|幹你|幹你老師|幹你娘|幹你娘老雞巴|幹你娘老雞麥|幹你桌來|幹你祖宗十八代|幹走|幹里娘操雞麥|幹到底|幹到最高點|幹妳|幹妳全家|幹的好事|幹娘|幹掉|幹麻|幹傻事|幹瞧|幹礁|幹聲連連|幹譙|幹醮|幹屄|幹恁|幹恁老老雞掰|幹恁娘|弒子|弒母|弒親|弒親事件|弒親案|徬徨|徬徨苦悶|微小|微不足道|微乎其微|微弱|微詞|微暗|微塵|微瀾|愚人|愚行|愚弄|愚昧|愚笨|愚鈍|愚痴|愚蠢|愚蠢地說出|愚蠢的人|意外災禍|意外身亡|意外事件|意外衝突|意外遭淘汰|意志消沈|意見不合|意見分歧|意見相左|意氣之爭|意氣用事|意猶未盡|意亂|意義不明確|意圖謀殺|感到不安|感到不適|感到內疚|感到可憐|感到困擾|感到灼痛|感到抱歉|感到後悔|感到疼痛|感到羞恥|感到悲哀|感到痛苦|感到意外|感到極度痛苦|感到憂慮|感到遺憾|感到難過|感受威脅|感冒|感染|感氣餒|感情生變|感敝變|感慨|感傷|感嘆|感覺不到|想不到|想不到地|想太多|想都別想|想搶走|想嘔吐|愛吃|愛作弄人|愛挑剔|愛耍性格|愛面子|愛莫能助|愛管閒事|愛管閒事的人|愛慕虛榮|愛鬧事|惹人惱怒|惹人惱怒的事|惹人厭|惹上|惹毛|惹出|惹事生非|惹到|惹到你|惹的禍|惹怒|惹起|惹麻煩|惹惱|惹禍|愁思|愁眉|愁眉苦臉|愁苦|愁容|愈少|愈打愈臭|愈來愈不利|愈來愈少|愈來愈低|愈來愈糟|愈來愈難|愈演愈烈|慌忙|慌張|慌亂|慌慌張張|慍怒|愴然|愧疚|愧對|搞了再說|搞了鬼|搞下去|搞小動作|搞小圈圈|搞不清楚|搞不懂|搞什麼|搞什麼名堂|搞什麼玩意|搞什麼飛機|搞什麼鬼|搞公關|搞分裂|搞台獨|搞屁|搞屁啊|搞投機|搞沉|搞性|搞的鬼|搞垮|搞封建|搞政治|搞政變|搞飛機|搞砸|搞迷信|搞鬥爭|搞鬼|搞動作|搞婦運|搞得|搞得一團亂|搞統一|搞這一套|搞陰謀|搞援交|搞階級鬥爭|搞亂|搞新聞|搞違建|搞獨立|搞錯|搞錯方向|搞錢|搞糟|搞關係|搞啥鬼|搪塞|搪塞過去|搏鬥|搜刮一筆|搜捕|搜索|損友|損及|損失|損失物|損失者|損失殆盡|損失慘重|損汙|損害|損害了|損害賠償|損耗|損傷|損傷痕|損毀|損壞|搶先獲准|搶劫|搶能源|搶奪|搶錢|搖尾乞憐|搖晃|搖晃著行駛|搖動|搖搖|搖搖欲墜|搖頭苦笑|搖頭歎息|搖擺|搖擺不定|搗蛋|搗蛋鬼|搗亂|搗碎|敬而遠之|敬陪末座|新仇舊恨|新手|新冤家|新聞獨立性喪失|暗中|暗中來回尋覓|暗地|暗地裡破壞|暗殺|暗殺者|暗淡|暗盤|暗諷|暈眩|會產生很多問|會傳播|會蔓延|極力反對|極力粉飾|極力避免|極大出入|極大衝擊|極小的空間|極不|極不協調|極少|極可厭|極可憎|極危險之物|極有攻擊|極低|極其嚴重|極度|極度不穩定|極度地|極度自我膨脹|極度渴望|極度痛苦|極度興奮|極為不智|極為不滿|極為矛盾|極為兇狠|極為困難|極為脆弱|極為憤怒|極苦悶|極差|極惡|極殘忍|極殘忍的人|極無禮|極愚蠢|極端反對|極端缺乏|極壞|極難|極蠢|極蠢之人|楞住|歇止|歇斯底里|歇斯底里症|毀了|毀亡|毀在|毀容|毀掉|毀損|毀滅|毀滅性|毀謗|毀壞|毀壞殆盡|殿後|溢出|滅亡|滅口|滅頂|滅絕|溘逝|溺死|滑下來|滑落|滑稽|滑稽劇|滑頭|滑鐵盧|準備參加戰鬥|準確性不是那麼高|溜走|煙幕|煙霧|煙霧彌漫|煩了|煩人|煩心|煩死|煩死了|煩悶|煩惱|煩亂|煩憂|煩燥|煩擾|煩躁|煞車|煞風景|煞費|煞費苦心|獅子大開口|瑕疵|瑟縮|當不了|當不起|當面斥責|當機|當頭棒喝|畸形|畸形人|畸形物|畸形的人|畸型|睜一隻眼閉一|睜大|矮小|矮小的人|矮小的東西|矮化|碎片|碎布條|碎裂|碰不得|碰傷|碰運氣|碰撞|碰壁|碰壁連連|碰擊|禁不起|禁止|禁止使用|禁止接近|禁令|禁用|禁忌|禁足|禁制|禁建|禁欲|禁閉|禁監|禁錮|禁賽|禁藥|禁臠|萬一|萬不得已|萬分緊張|萬劫不復|萬萬沒想到|萬難|節節敗退|節節撤守|經不起|經受不起|經濟大恐慌|經濟危機|經濟困境|經濟困難|經濟制裁|經濟的冬天|經濟衰退|經濟蕭條|綑綁|綁架|置人於死地|置之不理|置疑|置養豬業於死地|置辯|罪人|罪犯|罪名|罪行|罪狀|罪的宣告|罪惡|罪惡感|罪無可赦|罪証|罪嫌|罪過|罪魁|罪魁禍首|罪孽|罪孽深重|義憤|義憤填膺|群情譁然|群魔亂舞|肆行|肆虐|腥羶|腳步太慢|腳步沈重|腳步沈重地行走|腳步沈重地走|腳步放慢|腳踢|腫痛|腫瘤|腦滿腸肥|落下|落井下石|落水狗|落伍|落伍的士兵|落到|落居|落居下風|落空|落後於|落後程度|落差|落差極大|落荒而逃|落馬|落敗|落淚|落寞|落實不到|落幕|落魄|落選|落難|葬身|葬送|葬送了|裝可憐|裝死|裝作|裝肖唯|裝屎|裝模做樣|裝竊聽器|解雇|解聘|解僱|該死|該咒罵|該責備|該罰|該罰下地獄|詳盡不實|誇大不實|誇示|誇張|誇張的手法|誇張的言語|詭不詭異|詭計|詭計多端|詭密|詭異|詭稱|詭辯|詮釋|詬病|資金外流|資產負債危機|賄案|賄款|賄賂案|賄聞瘡疤|賄選案|賄聲賄影|跟蹤|路障|路險阻|跺腳|躲不掉|躲開|躲躲藏藏|躲避|躲避責任者|躲藏|躲藏者|較小|較不易|較少|較低|較為陌生|較差|較弱|較高費率|較貴|較量|較慢|較壞|較壞者|較難|較難取得|運用不當|運作困難|遊手好閒|遊街|遊街示眾|遊蕩|遊擊|遊擊隊|道歉被整|道德不好|道德敗壞|達不到|逼人|逼上梁山|逼不得已|逼死|逼走|逼使|逼供|逼政|逼退|逼退回|逼問|逼視|逼繳|違反|違反人性|違反行為|違反教規|違失|違犯|違抗|違抗命令|違命|違拗|違法|違法失職|違法者|違法亂紀|違者|違建|違約|違背|違背了|違背習俗|違悖|違拳腳|違規|違規違法|違章|違章式|違禁|違憲|遇刺|遇到亂流|遇害|遇瓶頸|遇難|遇難船|遏制|遏阻|過大|過小|過不了|過不去|過分|過分單純化|過少|過火|過世|過冬天|過去|過失|過份|過份冷漠|過多|過早|過早解除|過低|過快|過怏|過於|過於低估|過於恐慌|過於樂觀|過於複雜|過河卒子|過河拆橋|過度|過度介入|過度自信|過度招待|過度拖延|過度的疲勞|過度保守|過度高估|過度誇張|過度憂慮|過度樂觀|過度謹慎|過重|過差|過時|過氣|過得去|過敏|過敏發紅|過猛|過剩|過街老鼠|過量|過意|過意不去|過節|過飽|過熱|過激|過錯|過頭|遍布地雷|遍尋|遍體鱗傷|遑論|逾期|逾越|遁走|遁辭|鉗制|隔絕|隔絕掉|隔開|隔閡|隔斷|隔離|隕落|雷霹|電擊|零星殘骸|預謀行兇|預警|頑心重|頑皮|頑劣|頑抗|頑固|頑固地|頑冥不靈|頑強地|頑強抵抗|頓時大減|飽以拳腳|飽受|飽受抨擊|飽受爭議|飽受威脅|飽受煎熬|飽經|飾掩|像哈巴狗一樣|像話嗎|劃破|匱乏|厭世|厭倦|厭惡|厭煩|嘀咕|嘗敗仗|嘔吐|嘔吐物|嘔氣|嘆息|嘆氣|嘈雜|嘈雜的談笑聲|嘈雜聲|圖窮匕見|圖謀詆毀|塵世|墓穴|夢碎|夢魘|奪取之物|實利|實無必要|實應檢討|寢食難安|對不起|對手|對比|對付不了|對外移民之增|對外移民增加|對立|對立者|對立面|對抗力量|對峙|對健康有害|對進行報復|對罵|對頭|對簿公堂|對證|屢屢失事|屢遭|屢遭挫折|屢戰屢敗|幕後|弊多於利|弊案|弊病叢生|弊端|弊端重重|弊端叢生|彆扭|徹底分隔|徹底失敗|徹底失望|徹底的失敗|徹底銷毀|徹底擊潰|態度搖擺|慢了半拍|慢吞吞|慢吞吞地|慢吞吞地行進|慢性|慟哭|慚不慚愧|慚愧|慘不忍睹|慘白|慘死|慘事|慘狀|慘重|慘重挫敗|慘案|慘烈|慘烈的鬥爭|慘敗|慘淡|慘痛|慘痛代價|慘痛教訓|慘絕人寰|慘跌|慘境|慘綠|慘劇|慘遭處決|慵懶|截擊|撇清|撇開|摔拍子|摔倒|摔桿|撤消|撤退|撤退信號|撤換|撤廢|撤銷|摸不清|摸不著|摸不著頭緒|摑..耳光|摧殘殆盡|摧毀|摻假貨|摻雜|敲打|敲打致死|敲起喪鐘|敲詐|敲詐者|敲詐恐嚇|敲碎|敲碎頭骨|榨出|槓上|構成很嚴重的威脅|構成嚴重威脅|構成攔阻|槍殺|槍斃|槍聲|滾回去|滾蛋|滾過了頭|滾遠|漠不|漠不關心|漠然|漠視|漏出|漏洞|漏洞百出|漏氣|漏做|漏球|漏損|漏損物|漏損量|漏電|漂泊|漂泊者|漢奸|滿布地雷|滿目瘡痍|滿佈地雷|滿得溢出|滿腹牢騷|滿腹疑雲|滿嘴謊言|滿臉橫肉|滿臉爛肉|滯後|滯後於|滯留|滯緩|漸失|漸行漸遠|漸感不耐|漸漸走貶|漸漸破壞|漫不經心|漫漫崎嶇|漪地雷|滲透|滲透物|滲透活動|滲漏|煽風點火|煽動|煽動者|煽情|熄火|瑣細|瑣碎|疑心|疑心病|疑有|疑忌|疑神疑鬼|疑問|疑惑|疑雲|疑感|疑慮|疑慮未除|疑慮與反彈|疑點|疑竇|疑懼|瘋了|瘋人|瘋子|瘋狂地|瘋癲|盡力抑制|盡力睜大|盡付流水|盡失|監防|監控|監禁|監禁所|監獄|睡不好|睡不著|睡錯床鋪|禍因|禍延|禍首|禍害|禍根|禍國殃民|禍源|種族歧視|種族隔離|種瘡痍|稱不上好|窩囊|管不住|管不著|管你去死|管我|管理混亂|管閒事|算了|算你厲害|算計極深|算帳|算啥|箝制|精疲力盡|精疲力竭|精神上的打擊|精神分裂|精神虐待|精神病患者|精神耗弱|精神錯亂|緊拉|緊拖|緊急叫停|緊急事件|緊急狀況|緊急需要|緊迫地|緊張不安|緊張局勢|緊張怯場|緊張氣氛|緊張情勢|緊張情緒|緊張對立|緊張對峙|緊張壓力|緊張關係|緊張懸疑|緊縮|緊繃|罰則|罰款|罰跪|罰鍰|聞之色變|聞之喪膽|聞出..的臭氣|聞所未聞|肇因|肇事|肇事者|肇禍|腐化|腐朽|腐敗|腐蝕|腐蝕性|腐蝕物|腐蝕劑|腐壞|腐爛|與..不符|與..匹敵|與..打仗|與..矛盾|與..作戰|與..扭打|與..爭辯|與..格鬥|與..鬥爭|與..鬥拳|與..脫離|與..戰鬥|與..斷絕關係|與..競爭|與人結怨|與世隔絕|舔鳥蛋|舞干戈|舞弊賄選醜聞|蒙上|蒙上陰影|蒙在鼓裡|蒙受恥辱|蒙受羞辱|蒙冤|蒙羞|蒙蔽|蒙騙|蒙騙造假|蓋台|蒼白|蒼白無助|蒼老|蝕壞|蜷縮|裹屍布|裹脅|製造麻煩|語重心長|語帶哽咽|語帶酸葡萄|誣告|誣指|認命|認知不足|誤人|誤人子弟|誤入|誤入歧途|誤入歧途地|誤以為|誤用|誤交|誤判|誤炸|誤差|誤國|誤將|誤期|誤傳|誤會|誤會了|誤當成|誤解|誤認|誤導|誤導性|誤觸|誤觸法網|說了謊|說反話|說打就打|說含沙射影|說含沙射影的話|說來好笑|說胡話|說粗話|說鳥話|說話不算話|說夢|說模棱兩可|說模棱兩可的話|說謊|說謊者|說謊騙人|說蠢話|誘..入圈套|誘入|誘拐走|誘捕|誘捕野獸|誘惑力|誘惑物|誘餌|誘獲|誘騙|豪賭|賒欠|賒帳|賒購|趕不上|趕出|趕快消失|趕走|趕這樣說|趕盡殺絕|輕言放棄|輕佻|輕忽|輕易停止|輕易停止的人|輕信|輕浮|輕浮地|輕率|輕描淡寫|輕視|輕傷|輕蔑|輕蔑地笑|輕薄|輕鬆出擊|遠不如|遠去|遠低於|遠拋在後|遠非|遠遠落後|遠點|遠離|遜色|遜位|遙遠|遙遙不可及|遙遙無期|遞減|鄙棄|鄙視|酸的東西|酸葡萄|酸腐|銀根緊|銀根寬鬆|障礙|障礙物|障礙重重|障礙船具|需要加強|需要改進|需要糾正|需要突破|需要照顧|頗有微詞|頗感氣餒|領不到|颱風尾|駁斥|駁回|駁回告訴|骯髒|鳳毛麟角|齊人之福|齊大非偶|僵化|僵局|僵固|僵固性|僵直|僵持|僵持不下|僵持狀態|僵痛|僵硬|僵硬統治|價值不高|價格競爭|劇烈|劇烈波動|劇痛|劇貶|劇跳|劈啪|劈啪聲|劍拔弩張|厲聲|嘮叨|嘮里嘮叨|嘮嘮叨叨|嘮嘮叨叨地責備|嘲弄|嘲弄的物件|嘲弄的話|嘲笑|嘲笑著說|嘲諷|嘴巴放乾淨一點|嘴巴爛掉|噓聲|噴出|噴濺|噴濺出來|噴濺出來的東西|噴濺聲|嘶啞|增惡|增劇|墳墓|墜地|墜海|墜毀|墜落|墜機|墜機身亡|墮胎|墮落|墮落者|嬌養|寬鬆條件|審判|層出不窮|廢了武功|廢止|廢用|廢物|廢紙|廢除|廢掉|廢棄|廢話|廢墟|廝殺|廝混|彈核|徵收|徵收報復性關稅|憂心|憂心忡忡|憂沈|憂國憂民|憂悶|憂傷|憂愁|憂慮|憂慮多|憂懼|憂鬱|慾望|憎恨|憎恨之物|憎惡|憤世|憤世嫉俗|憤而|憤而中斷|憤而退席|憤而捨棄|憤怒|憤怒反應|憤怒抗議|憤怒難抑|憤怒譴責|憤恨|憤慨|憤慨痛心|憤然|憤憤|憤憤不平|憤憤然|憤激|憤懣|憔悴|摩擦|撞上|撞及|撞死|撞到|撞倒|撞毀|撞機|撞擊|撞擊聲|撞牆|撲滅|撐著|撕破|撕破臉|撕裂|撕裂處|撕毀|撕碎|撒了很多謊|撒旦|撒尿|撒謊|撬起|撬動|敵人|敵手|敵軍|敵國|敵視|敵意|敵意日深|敵對|敵營|數落|暮氣沉沉|暫時停止|暫時擱置|暫停|暫緩|暴力|暴力引起|暴力方式|暴力示威|暴力攻擊|暴力事件|暴力威脅|暴力相向|暴力強迫|暴力循環|暴力衝突|暴行|暴投|暴戾|暴戾之氣|暴戾習氣|暴雨|暴客|暴怒|暴政|暴虐|暴虐行為|暴風|暴風雨|暴徒|暴動|暴發|暴發出|暴發出來|暴跌|暴亂|暴傳|暴跳如雷|暴敵|暴躁|暴露|標籤化|標籤效果|模糊|模糊一片|模糊不定|模糊不清|模糊不清地說|模糊不清地說話|模糊不清的事物|模糊化|模棱兩可|模棱兩可的話|歎息|毆打|毆打重傷|毆擊砍殺|潑冷水|潑婦|潦倒|澆冷水|潛入|潛伏|潛伏危機|潛伏者|潛在|潛行|潛行於|潛逃|潸然淚下|潰不成軍|潰散|潰瘍|熱病|瘟疫|瘦削|瘡疤|瘡疤未清|皺眉|皺眉表示|皺眉頭|皺紋|皺縮|盤問|瞎了狗眼|瞎了眼|瞎扯|瞎猜|瞎眼|瞎整|瞋怒|確有瑕疵|碾碎|窮人|窮打猛追|窮光蛋|窮兇|窮兇極惡|窮兵黷武|窮困|窮途末路|窮境|糊塗|緘默|編造|緩不濟急|緩跌|緩慢|緩慢下滑|緩頰|緩議|罵一頓|罵人|罵他|罵他神經病|罵出|罵出來|罵她|罵得狗血淋頭|罵得很慘|罵粗話|罵髒話|罷了|罷工|罷免|罷課|膠著|膚淺|蔓生|蔑視|蓬亂|衛冕落空|衝三小|衝口說出|衝天罵娘|衝出|衝突|衝突且對立|衝突事件|衝突動盪|衝動|衝撞|衝頭|衝壓機|衝擊|衝擊大|衝擊波|衝擊最大|複雜|複雜化|複雜性|複雜的因素|複雜的事物|褊狹|談不上|談不攏|談判|請辭|課刑|課稅|課業壓力|諂媚|調低|調降|調適尤為困難|調戲|誰死誰亡|誰來救救我|誰相信！|誰敢|論爭|論戰|誹謗|誹謗性|誹謗者|誹謗罪|豬八戒|豬母|豬狗|豬狗不如|豬狗牛|豬哥|豬就是豬|豬頭|賠了|賠了夫人又折|賠上威信|賠累|賠錢|賠償官司|賦閑無事|賤人|賤女人|賤役|賤男人|賤命|賤命一條|賤招|賤貨|賤種|賭氣|賭掉|賭博|賭運氣|賣弄|賣弄風騷|賣弄風騷的人|賣春|賣假毒品給人|賣國|賣國者|賣國賊|質地薄|質問|質疑地|踐踏|踢出|踢打|踢到鐵板|踢鐵板|踏入死胡同|輟學|適於屠宰|適值環繞在逃的前情報局長蒙迪席諾斯的貪汙弊案愈演愈烈|適得其反|遮掩|遮羞費|遮暗|遮蔽|遮遮掩掩|遭人看扁|遭人圍毆|遭人欺侮|遭池魚之殃|遭刪除|遭困|遭批判|遭批評|遭到|遭到否決|遭到批評|遭到封殺|遭到推翻|遭到處|遭到駁回|遭到彈劾|遭受風吹雨打|遭受挫折|遭受損失|遭受新的阻力|遭受箝制|遭受衝擊|遭受鞭打|遭拘留|遭拆散|遭歧視|遭波及|遭封殺|遭殃|遭背叛|遭致|遭虐待|遭凍結|遭起訴|遭停權|遭屠殺|遭排擠|遭處決|遭軟禁|遭痛打|遭傾倒|遭解職|遭遇挑戰|遭遇瓶頸|遭遇麻煩|遭對手完封|遭誤解|遭駁回|遭彈劾|遭撞擊|遭難|遭驅離|遭體罰|遷怒|遷就|醉漢|醉醺醺|銷毀|銷燬|銷聲匿跡|銳減|震怒|震動|震顫|震驚|霉爛|靠么|靠不住|靠夭|靠北|靠母|靠啊|靠腰|鞍傷|養不起|養傷|餓死|餓死光|餓昏|餓得|餓得要死|餓饉|餘地|餘悸猶存|駛妳母|駑馬|髮指|鬧上|鬧大|鬧事|鬧法庭|鬧哄哄|鬧革命|鬧鬼|鬧得|鬧得不可開交|鬧得不愉快|鬧情緒|鬧場|鬧彆扭|鬧僵|鬧劇|鬧翻|鬧饑荒|魯莽|魯莽行為|墨守成規|凝重|噩夢|噪音|噪聲|器燄囂張|噱頭|壁壘|壅塞|學不來|學壞|導火線|導致衰退|憑什麼|懍於|憾恨|懊悔|懊喪|懊惱|懊腦|懈怠|戰火|戰火頻仍|戰死|戰爭|戰爭陰影|戰爭暴行|戰爭賠償|戰敗|戰亂|戰慄|戰禍|戰戰兢兢|擅自|擅自洩露|擅自摸弄|擅離|擁有壓倒優勢|擁塞|擁擠|擋下|擋在門外|擋路|擋路石|操心|操作失當|操作失誤|操作疏失|操你|操你母|操你媽|操妳個鬼|操賤役|操賤役的人|操縱|擒服|擔心|擔憂|整人|整合之苦|整死|整死了|整垮|曄然|曇花一現|橫刀奪愛|橫肉|橫行|橫行霸道|橫穿|橫渡|橫著|橫衝|橫衝直撞|橫遭|橫遭阻逆|橫遭攔阻|機八|機八毛|機八事|機尾撞地|機車|機車竊案|機歪|機械學習|機買|機會不高|機會有限|機機歪歪|濃煙|激化|激怒|激浪|激烈抗爭|激烈爭執|激烈的反應|激烈進行|激動落淚|激進分子|激憤|激潮|燒制|燒焦|燒傷|燒毀|燒壞|燙痛|燙傷|燃眉之急|燃燒|獨缺|獨裁|獨裁形象|獨裁者|獨裁專權|獨裁殘暴|獨裁權力|獨斷|瞞人耳目|瞞得了人|瞞著|磨損|磨損處|磨壞|積聚錢財|窺探|窺視|篡改|篡奪|縛手縛腳|罹病|罹患|罹患了|罹癌|罹難|罹難者|興嘆|興歎|興趣缺缺|蕩婦|蕩然|蕩然無存|蕭條|褪色|親子互動困境|親子困境|親痛仇快|諱言|諱疾忌醫|謀反|謀反者|謀財弒親|謀殺|謀略|諷刺|諷刺結局|諷刺對比|諷剌|諷剌之事|蹂躪|踹開|輻射|輻射性微塵|輸了|輸光|輸在|輸家|輸掉|輸球|輸給|輸過|辦錯|選舉舞弊|遲未|遲到|遲鈍|遲滯|遲疑|遲緩|遲遲|遺失|遺失者|遺忘|遺恨|遺臭|遺棄|遺傳性疾病|遺漏|遺憾|遺憾的是|遺贈|鋸掉|錯失|錯估|錯事|錯的是你|錯偽|錯愕|錯亂|錯亂地做事|錯當成|錯過|錯綜|錯認|錯誤心態|錯誤印象|錯誤地|錯誤地處理|錯誤行為|錯誤判斷|錯誤決定|錯誤取向|錯誤認知|錯誤觀念|錯覺|錯譯|錐心|錙銖計較|隨口|隨口洩漏|隨之瓦解|隨你便|隨即惡化|隨性脫軌|隨便|隨便地放置|隨風而逝|隨意|隨意解讀|險招|險招百出|險阻|險峻|險惡|險象環生|險境|險險|靜坐|靜觀其變|頻頻|頻頻失誤|頻頻放炮|頭皮發麻|頭疼|頭款|頭殼壞去|頭殼壞掉|頭痛|頭暈|頭暈眼花|頭號敵人|頹危|頹敗|頹喪|頹勢|頹廢|頹廢者|頹廢派藝術家|頹廢期|駭人|駭人聽聞|駭怕|駭客攻擊|鴕鳥心態|鴨蛋|鴛鴦同命|默哀|默默|默默承受|優柔寡斷|償付|嚎啕|嚇一大跳|嚇一跳|嚇了一跳|嚇人|嚇出|嚇出一身冷汗|嚇呆|嚇到|嚇阻|嚇阻效果|嚇跑|嚇壞|嚇壞了|壓力|壓力也大|壓力大|壓力太大|壓力過|壓力過大|壓力過重|壓下|壓下去|壓低|壓抑|壓抑已久|壓抑住|壓制性|壓治|壓治統治|壓迫|壓倒|壓破|壓碎|壓榨|壓皺|壓壞|尷尬|幫兇|幫派|幫派分子|幫倒忙|彌漫|應不是|應不致|應斥責|應非|應負賠償責任|應被開革|應無|應該譴責|應聲倒地|懂個屁|懦弱|懦弱的人|戲弄|擊中|擊倒|擊毀|擊落|擠巴士|擠出|擠出前進|擠向前|擠兌|擠過|擠過去|擦肩而過|擦破|擦痕|擦痛|擦傷|擦槍走火|擦撞|擱下|擱置|斃了|斃了他|斃了你|曖昧|曖昧不明|曖昧模糊|檢舉|檢點|濫打|濫打人|濫用|濫用禁藥|濫用職權|濫老師|濫挖|濫砍|濫射|濫捕|濫葬|濫觴|濫權|營養不良|營養過剩|燦怒囂憎|牆頭草兩邊倒|癌症|癌細胞|瞪眼|瞧不起|瞧不起人|矯揉|矯揉造作|矯飾|糞尿|糟粕|糟透|糟透了|糟糕|糟蹋|縮手|縮水|縮減|繃著|繃著的臉|繃緊|繃緊神經|縫你嘴巴|總行了吧|縱火|縱容|縱情|縱情於|繁雜|聲名狼藉|聲明拒付|聲明放棄|聲討|聲淚俱下|聯想|聳人|聳人聽聞|聳人聽聞（lu|聳肩表示|聳動|膽大|膽大妄為|膽小|膽小的人|膽怯|膽寒|膽戰心驚|臉上發紅|臉傷|臨死|臨死的痛苦|臨時手段|臨時地|臨陣退出|舉反證|舉止失禮|舉步維艱|舉債經營|艱巨|艱困|艱辛|艱苦|艱鉅|艱難|薄弱|薄情|虧欠|虧死|虧死了|虧空|虧待|虧缺|虧馬子|虧損|虧損賠累|褻瀆|謊言|謊話|謊稱|謠言|謝絕|賽人|賽人樣|賽你娘|賽林良|趨冷|趨冷淡|趨於緊張|趨降|趨降至|趨弱|趨疲|趨貶|趨緊縮|輾轉|輿論|輿論批判|輿論批評|避不回答|避而不提|避而不談|避免直接答覆|避免持有|避重就輕|避著|避開|避債|避諱|遽減|遽跌|還不如|還不到|還不能|還不夠|還不夠亂嗎|還只是|還未|還未登場|還有爭議|還沒|還沒好|還沒有|還是沒有|還得|還債|還想怎樣|還會做什麼|邁向死亡|醜八怪|醜不拉嘰|醜化|醜化中傷|醜死|醜死了|醜老太婆|醜男|醜事|醜陋|醜陋罪行|醜惡|醜態|醜聞|醜聞越滾越大|醜聞纏身|醜醜|醜陃|隱伏|隱忍|隱秘|隱退|隱退處|隱匿|隱匿不報|隱密|隱憂|隱憂重重|隱蔽|隱蔽處|隱瞞|隱諱|隱藏|雖已|鞠躬下台|鮮少|鮮有人|鼾聲|擾民|擾亂|攆走|擺脫了|擺脫不了|斷了|斷交|斷念|斷炊|斷垣頹壁|斷送|斷掉|斷然否認|斷然拒絕|斷然駁斥|斷絕|斷絕關係|斷裂|斷開|斷罪|朦朧|歸咎於|歸於沉寂|歸罪|歸零|濺出|獵食|獵殺|癒合不良|竄改|簡直是|簡陋|糧食不足|繞圈子|繞圈子的話|繚亂|翹家|翻找|翻車|翻倒|翻船|翻滾|翻臉|翻臉不認帳|翻轉|翻騰|舊仇新恨|舊恨難消|舊病|舊病復發|舊創新傷|舊傷|藏刀|藏匿|藐視|藉口|藉故|薦濫|蟲子|覆亡|覆沒|覆轍|謹防|謬見|謬誤|謬論|贅詞|蹙額|蹣跚|蹣跚地走|轉折|轉弱|轉眼成空|轉彎太快太大|轉變|鎮壓|闖了大禍|闖禍|離我遠一點|離家出走|離婚|離情|離散|離鄉|離鄉背井|離開|離開正道|離間|離群|離職|離譜|雜交|雜多|雜事|雜草|雜訊|雜亂|雜亂的一團|雜碎|雜質|雙重標準|雙誤|雙雙成空|雛妓|雞八|雞巴|雞巴毛|雞皮疙瘩|雞屎肚|雞歪|鞭子|顏面全失|顏面問題|顏面盡失|餿主意|鬆手|鬆散|鬆解|鬆懈|鯊魚|壞人|壞小孩|壞心|壞心腸|壞水|壞去|壞同學|壞在|壞事|壞孩子|壞消息|壞帳|壞掉|壞處|壞蛋|壞脾氣|壞貶累積|壞運氣|壞賬|壟斷|寵壞|龐大包袱|龐大異常|龐雜|懲處|懲罰|懲罰性|懲誡|懷有惡意|懷恨|懷恨者|懷惡意|懷疑|懷疑宗教教條|懷疑論|懷敵意|懷壁其罪|懶人|懶趴|懶得|懶得理你|懶惰|懶惰鬼|懶散|懶散地|懶漢|曠日持久|曠日費時|曠日廢時|曠課|曠課者|瀕臨交戰|瀕臨死亡|爆出|爆冷|爆冷門|爆炸物|爆破|爆發爭執|爆發衝突|爆發戰爭|爆震|癡人|癡人說夢|礙手礙腳|礙於|礙眼|繪聲繪影|羅網|羅織入罪|羅織罪名|繳了械|羸弱|藥石罔效|藥物濫用|譁然|證明..是虛假|證據不足|譏諷|蹺家|蹺家女孩|辭呈|辭職|辭職下台|辭職下台謝罪|邊緣化|邋遢|邋遢女人|關上|關他屁事|關在|關我什麼事|關我闢事|關押|關門|關門大吉|關係日漸淡薄|關掉|關閉|關說情況嚴重|難以|難以化解|難以生存|難以立足|難以回天|難以收拾|難以估計|難以估算|難以形成|難以忍受|難以改善|難以取悅|難以招架|難以抵抗|難以抵擋|難以明瞭|難以表達|難以相信|難以突破|難以捉摸|難以配合|難以理解|難以復業|難以想像|難以置信|難以解決|難以達成|難以預料|難以維持|難以適應|難以磨滅|難以辨識|難以彌補|難以擊敗|難以釐清|難以攀升|難打|難民|難生存|難守住|難有|難有起色|難行|難免責|難改變|難求|難言|難事|難取悅|難受|難抵|難治療|難信|難保|難度|難為情|難相處|難看|難看死了|難耐|難倒|難拿|難捕捉之物|難捉摸|難涉及|難逃|難控制|難接近|難掩|難掃|難望|難望其項背|難望復甦|難產|難脫|難處理|難堪|難解|難道|難道要|難達成|難達到|難過|難預料|難盡|難維持|難聞|難說|難熬|難駕馭|難辦|難點|難題|難證明|難辭其咎|難關|難纏|難聽|霧朦朧|顛倒|顛倒是非|顛倒黑白|顛倒歷史|顛簸|騙人|騙子|騙出|騙吃混喝|騙局|騙來|騙騙|騙騙選票|鯨吞|勸告|勸阻|嚴冬|嚴加|嚴正否認|嚴正抗議|嚴防|嚴苛|嚴重|嚴重干擾|嚴重失控|嚴重失誤|嚴重打擊|嚴重地|嚴重事故|嚴重受虐|嚴重受挫|嚴重性|嚴重歧見|嚴重的侵犯|嚴重的警告|嚴重威脅|嚴重後果|嚴重歪曲|嚴重破壞|嚴重缺失|嚴重偏差|嚴重偏離|嚴重問題|嚴重得多|嚴重疏忽|嚴重處分|嚴重惡化|嚴重猥褻|嚴重傷害|嚴重損害|嚴重瑕疵|嚴重落後|嚴重影響|嚴重撞擊|嚴重衝突|嚴重錯誤|嚴峻|嚴峻可怕|嚴峻對峙|嚴格限制|嚴陣以待|嚴寒|嚴肅|嚴肅性|嚴詞|嚴詞批判|嚴詞抨擊|嚴酷|嚴酷的考驗|嚴厲|嚴厲批評|嚴厲拒絕|嚴厲抨擊|嚴厲指摘|嚴厲對待|嚴厲質詢|嚴厲撻伐|嚴懲|嚴辭反對|寶山|懸而未決|懸疑|攔阻|攙假|攙雜|獻殷勤|癥結|競爭者|競爭壓力甚大|繼續下跌|纂改|覺得不安|覺得太過分|覺得可惜|覺得疼痛|觸犯|觸法|觸怒|議論|警示|警告|警戒|警訊|警報|警報器|警鈴|警語|贏不了|躁進而為|饑荒|饑餓|饑謹|饑饉|騷動|騷亂|騷擾|黨派立場|黨派偏見|囂張|屬落後|懼怕|殲滅|爛人|爛上|爛上萬倍|爛女人|爛仗|爛污貨|爛老師|爛肉|爛車|爛到|爛到極點|爛到爆|爛校鳥系|爛掉|爛球|爛貨|爛傢伙|爛源|爛學校|爛戲|犧牲者|犧牲品|纏身|纏訟|纏結|纏繞|續挫|蠢人|蠢女|蠢牛|蠢呆|蠢男|蠢事|蠢婦|蠢蛋|蠢話|蠢斃|蠢舉|蠢翻|蠢翻了|蠢驢|譴責|贓物|躊躇|轟下|轟炸|轟鳴|轟擊|辯駁|辯論|鐵板|鐵面無情|鐵腕|闢謠|霸王硬上弓|霸佔|霸權主義|露水又重|響而刺耳|顧忌|驅除|驅逐|驅逐出門|驅逐出會|驅散|驅趕|驅離|魔女|魔王|魔鬼|魔鬼似|黯淡|黯然|黯然失色|黯然退出|囉唆|囉哩吧唆|權宜|權宜之計|權威掃地|權責爭議|權勢|籠絡手法|籠罩陰影|聽人擺布|聽不入耳|聽不清|聽不通|聽不進|聽不進去|聽任|襲取|襲擊|讀不完|顫動|顫聲|驕弱|驕傲自大|驕縱自大|髒污|髒唐爛漢|髒話|髒錢|攫取|攪局|曬焦|竊占|竊走|竊車|竊取|竊為|竊盜|竊賊|竊聽|竊聽器|蠱惑|變化|變幻無常|變本加厲|變成廢墟|變汙|變空|變奏曲|變故|變相|變革|變凌亂|變差|變弱|變破爛|變得不愉快|變得有缺陷|變得冷酷無情|變得更糟|變得更壞|變得束手無策|變得陰沈|變得渺茫|變得無恥|變得微弱|變得緊張|變得模糊|變深|變笨|變軟弱|變陰沈|變陰暗|變鈍|變黑暗|變暗|變暗淡|變節|變態|變態性欲者|變態者|變酸|變憂沈|變數|變數重重|變模糊|變皺|變複雜|變調|變遲鈍|變醜|變舊|變壞|變髒|顯怒容|顯然不知道|顯然違反|顯著惡化|驚弓之鳥|驚叫|驚呆|驚呼|驚呼出來|驚恐|驚悚|驚動|驚異|驚愕|驚惶|驚惶失措|驚惶奔跑|驚慌|驚慌失措|驚慄|驚跳|驚嘆|驚歎|驚醒|驚險|驚險動作|驚駭|驚嚇|驚嚇哭叫|驚嚇過度|驚擾|驚覺|驚懼|體弱多病|體罰|體罰手段|癱瘓|癲狂|癲狂者|蠶食|讓人害怕|讓人訐|讓你好看|讓你死|讓掉|釀成|釀成大禍|靈車|驟死|驟跌|蠻悍|蠻橫|蠻橫行為|鑽牛角尖|鬱卒|鬱悶|鬱結|鬱鬱|扺觸|咂嘴|肏你|肮髒|剉小|屌ㄌ|屌什麼|屌屁|屌兒啷噹|屌瑯噹|屌啥|凄然|凄愴|孬種|捅來兩把刀子|啥玩意|掐死|掐死了|淊天罪行|猝不及防|猝逝|揶揄|揶揄者|摃上|搥胸頓足|痼疾|跩什麼|跩什麼鬼|跩什麼跩|跩屁|跩的二五八萬|跩個屁|骭林娘|撂倒|殞命|殞落|緋聞|蜚語|噁心|噁心鬼|噘起|噘嘴|墬毀|憋死|憋著|鋌而走險|蹩腳|譭謗